syscall,time,process,fields,length,value
124,67963.166744704,666,0,0,0
124,67963.166759536,666,0,0,0
124,67963.166768495,666,0,0,0
77,67963.166776315,666,1,19,1351
77,67963.237635696,666,1,5,439
40,67963.245454021,666,1,5,439
77,67963.247796184,666,1,19,1351
77,67963.27838515,666,1,5,439
124,67963.284610969,666,0,0,0
124,67963.284637911,666,0,0,0
124,67963.28465298,666,0,0,0
124,67963.284668312,666,0,0,0
77,67963.284681205,666,1,19,1351
77,67963.37422044,666,1,5,439
124,67963.374875214,666,0,0,0
124,67963.374897575,666,0,0,0
77,67963.390942978,666,1,19,1351
77,67963.646532672,666,1,5,439
124,67963.652250821,666,0,0,0
77,67963.655079829,666,1,19,1351
77,67963.65676191,666,1,5,439
124,67963.666979368,666,0,0,0
124,67963.667009608,666,0,0,0
124,67963.667027626,666,0,0,0
77,67963.667041568,666,1,19,1351
77,67963.728678111,666,1,5,439
185,67963.734963403,666,1,5,439
108,67963.735011367,666,0,0,0
251,67963.735020491,666,0,0,0
77,67963.735886343,666,1,19,1351
77,67963.779994967,666,1,5,439
124,67963.784837947,666,0,0,0
124,67963.784869313,666,0,0,0
124,67963.784886846,666,0,0,0
124,67963.784903976,666,0,0,0
77,67963.790223361,666,1,19,1351
77,67963.874846309,666,1,5,439
124,67963.874983524,666,0,0,0
124,67963.875017535,666,0,0,0
77,67963.885087555,666,1,19,1351
77,67964.15420347,666,1,5,439
124,67964.154230575,666,0,0,0
77,67964.154247976,666,1,19,1351
77,67964.164180713,666,1,5,439
124,67964.169903437,666,0,0,0
124,67964.16992477,666,0,0,0
124,67964.169937241,666,0,0,0
77,67964.169948272,666,1,19,1351
77,67964.241825946,666,1,5,439
40,67964.246635003,666,1,5,439
77,67964.252065629,666,1,19,1351
77,67964.282761173,666,1,5,439
124,67964.284994327,666,0,0,0
124,67964.28502982,666,0,0,0
124,67964.285046409,666,0,0,0
124,67964.285063505,666,0,0,0
77,67964.292924976,666,1,19,1351
77,67964.374945096,666,1,5,439
124,67964.375074787,666,0,0,0
124,67964.375102094,666,0,0,0
77,67964.385203547,666,1,19,1351
77,67964.645378824,666,1,5,439
124,67964.654403382,666,0,0,0
77,67964.655591521,666,1,19,1351
77,67964.66582427,666,1,5,439
124,67964.670659123,666,0,0,0
124,67964.670689454,666,0,0,0
124,67964.670707914,666,0,0,0
77,67964.674466714,666,1,19,1351
77,67964.727100668,666,1,5,439
185,67964.735273089,666,1,5,439
108,67964.735319988,666,0,0,0
251,67964.735329811,666,0,0,0
77,67964.73732138,666,1,19,1351
77,67964.781550169,666,1,5,439
124,67964.78525746,666,0,0,0
124,67964.785288686,666,0,0,0
124,67964.785305462,666,0,0,0
124,67964.785322602,666,0,0,0
77,67964.791804369,666,1,19,1351
77,67964.874920666,666,1,5,439
124,67964.875221082,666,0,0,0
124,67964.875247807,666,0,0,0
77,67964.884673976,666,1,19,1351
77,67965.154365964,666,1,5,439
124,67965.154506888,666,0,0,0
77,67965.161644344,666,1,19,1351
77,67965.165835668,666,1,5,439
124,67965.170892644,666,0,0,0
124,67965.170922653,666,0,0,0
124,67965.170940645,666,0,0,0
77,67965.171866069,666,1,19,1351
77,67965.243735893,666,1,5,439
40,67965.247877681,666,1,5,439
77,67965.253989109,666,1,19,1351
77,67965.284791739,666,1,5,439
124,67965.285446945,666,0,0,0
124,67965.285475564,666,0,0,0
124,67965.285492057,666,0,0,0
124,67965.285508401,666,0,0,0
77,67965.294900795,666,1,19,1351
77,67965.36650128,666,1,5,439
124,67965.375449875,666,0,0,0
124,67965.375479017,666,0,0,0
77,67965.376021452,666,1,19,1351
77,67965.649704356,666,1,5,439
124,67965.654746878,666,0,0,0
77,67965.659934702,666,1,19,1351
77,67965.670181,666,1,5,439
124,67965.671075462,666,0,0,0
124,67965.671104285,666,0,0,0
124,67965.671121835,666,0,0,0
77,67965.676724908,666,1,19,1351
77,67965.731489165,666,1,5,439
185,67965.735590999,666,1,5,439
108,67965.735637207,666,0,0,0
251,67965.735646903,666,0,0,0
77,67965.741740054,666,1,19,1351
77,67965.782743842,666,1,5,439
124,67965.785696995,666,0,0,0
124,67965.785727941,666,0,0,0
124,67965.785745756,666,0,0,0
124,67965.785762986,666,0,0,0
77,67965.792973396,666,1,19,1351
77,67965.87145801,666,1,5,439
124,67965.875498663,666,0,0,0
124,67965.875588991,666,0,0,0
77,67965.877170952,666,1,19,1351
77,67966.154433919,666,1,5,439
124,67966.154952959,666,0,0,0
77,67966.16453551,666,1,19,1351
77,67966.164546782,666,1,5,439
124,67966.171761417,666,0,0,0
124,67966.17179332,666,0,0,0
124,67966.171810647,666,0,0,0
77,67966.171910091,666,1,19,1351
77,67966.246584919,666,1,5,439
40,67966.247971997,666,1,5,439
77,67966.256874876,666,1,19,1351
77,67966.278016036,666,1,5,439
124,67966.285988097,666,0,0,0
124,67966.286020385,666,0,0,0
124,67966.286037439,666,0,0,0
124,67966.28605488,666,0,0,0
77,67966.287604911,666,1,19,1351
77,67966.372418206,666,1,5,439
124,67966.375737132,666,0,0,0
124,67966.375769121,666,0,0,0
77,67966.378207987,666,1,19,1351
77,67966.653467753,666,1,5,439
124,67966.655189821,666,0,0,0
77,67966.663731845,666,1,19,1351
77,67966.663741754,666,1,5,439
124,67966.671894848,666,0,0,0
124,67966.671925264,666,0,0,0
124,67966.671942668,666,0,0,0
77,67966.672888769,666,1,19,1351
77,67966.735481574,666,1,5,439
185,67966.735829447,666,1,5,439
108,67966.735876185,666,0,0,0
251,67966.735885437,666,0,0,0
77,67966.745763712,666,1,19,1351
77,67966.779582888,666,1,5,439
124,67966.786263769,666,0,0,0
124,67966.786294123,666,0,0,0
124,67966.786312147,666,0,0,0
124,67966.786330721,666,0,0,0
77,67966.786652981,666,1,19,1351
77,67966.874253594,666,1,5,439
124,67966.883948944,666,0,0,0
124,67966.883978178,666,0,0,0
77,67966.883992076,666,1,19,1351
77,67967.154681012,666,1,5,439
124,67967.155408292,666,0,0,0
77,67967.156820594,666,1,19,1351
77,67967.167055689,666,1,5,439
124,67967.172152543,666,0,0,0
124,67967.172188306,666,0,0,0
124,67967.172205395,666,0,0,0
77,67967.177864719,666,1,19,1351
77,67967.239955342,666,1,5,439
40,67967.249229558,666,1,5,439
77,67967.250188121,666,1,19,1351
77,67967.285261771,666,1,5,439
124,67967.286481671,666,0,0,0
124,67967.286512749,666,0,0,0
124,67967.286530053,666,0,0,0
124,67967.286547968,666,0,0,0
77,67967.291235911,666,1,19,1351
77,67967.378950958,666,1,5,439
124,67967.384200055,666,0,0,0
124,67967.384229864,666,0,0,0
77,67967.384344838,666,1,19,1351
77,67967.6491925,666,1,5,439
124,67967.655676218,666,0,0,0
77,67967.659415864,666,1,19,1351
77,67967.669713504,666,1,5,439
124,67967.67240753,666,0,0,0
124,67967.672437255,666,0,0,0
124,67967.672455197,666,0,0,0
77,67967.679710741,666,1,19,1351
77,67967.73123777,666,1,5,439
185,67967.736149889,666,1,5,439
108,67967.736197076,666,0,0,0
251,67967.736206464,666,0,0,0
77,67967.741483138,666,1,19,1351
77,67967.786377708,666,1,5,439
124,67967.78653047,666,0,0,0
124,67967.786626519,666,0,0,0
124,67967.786646786,666,0,0,0
124,67967.786663615,666,0,0,0
77,67967.794628384,666,1,19,1351
77,67967.884190207,666,1,5,439
124,67967.89418208,666,0,0,0
124,67967.894208308,666,0,0,0
77,67967.894222035,666,1,19,1351
77,67968.154931373,666,1,5,439
124,67968.155913152,666,0,0,0
77,67968.160513115,666,1,19,1351
77,67968.170814202,666,1,5,439
124,67968.172652345,666,0,0,0
124,67968.17268152,666,0,0,0
124,67968.172698232,666,0,0,0
77,67968.181033363,666,1,19,1351
77,67968.242382482,666,1,5,439
40,67968.250452739,666,1,5,439
77,67968.252617084,666,1,19,1351
77,67968.285198689,666,1,5,439
124,67968.286762607,666,0,0,0
124,67968.286791752,666,0,0,0
124,67968.286808236,666,0,0,0
124,67968.286825123,666,0,0,0
77,67968.29371454,666,1,19,1351
77,67968.386084472,666,1,5,439
124,67968.394450158,666,0,0,0
124,67968.394478357,666,0,0,0
77,67968.395394588,666,1,19,1351
77,67968.649150364,666,1,5,439
124,67968.656198571,666,0,0,0
77,67968.65937742,666,1,19,1351
77,67968.669676256,666,1,5,439
124,67968.672897106,666,0,0,0
124,67968.672926615,666,0,0,0
124,67968.672943477,666,0,0,0
77,67968.679919169,666,1,19,1351
77,67968.731170666,666,1,5,439
185,67968.736468043,666,1,5,439
108,67968.736514757,666,0,0,0
251,67968.736525061,666,0,0,0
77,67968.741402838,666,1,19,1351
77,67968.786413926,666,1,5,439
124,67968.786953619,666,0,0,0
124,67968.786983677,666,0,0,0
124,67968.787000693,666,0,0,0
124,67968.787017278,666,0,0,0
77,67968.792817658,666,1,19,1351
77,67968.886627193,666,1,5,439
124,67968.904168515,666,0,0,0
124,67968.90419212,666,0,0,0
77,67968.904203674,666,1,19,1351
77,67969.155179145,666,1,5,439
124,67969.156434447,666,0,0,0
77,67969.16391352,666,1,19,1351
77,67969.163924716,666,1,5,439
124,67969.173189827,666,0,0,0
124,67969.173219453,666,0,0,0
124,67969.173237111,666,0,0,0
77,67969.174188945,666,1,19,1351
77,67969.24703908,666,1,5,439
40,67969.251682773,666,1,5,439
77,67969.257291538,666,1,19,1351
77,67969.277785203,666,1,5,439
124,67969.287239479,666,0,0,0
124,67969.28726987,666,0,0,0
124,67969.287287079,666,0,0,0
124,67969.287306021,666,0,0,0
77,67969.287423544,666,1,19,1351
77,67969.40183953,666,1,5,439
124,67969.404393892,666,0,0,0
124,67969.404422581,666,0,0,0
77,67969.405863667,666,1,19,1351
77,67969.650455966,666,1,5,439
124,67969.656707362,666,0,0,0
77,67969.660683253,666,1,19,1351
77,67969.670943078,666,1,5,439
124,67969.673420055,666,0,0,0
124,67969.673449303,666,0,0,0
124,67969.673465792,666,0,0,0
77,67969.681204273,666,1,19,1351
77,67969.733330911,666,1,5,439
185,67969.73674972,666,1,5,439
108,67969.736798329,666,0,0,0
251,67969.736808045,666,0,0,0
77,67969.743584495,666,1,19,1351
77,67969.784758339,666,1,5,439
124,67969.787480931,666,0,0,0
124,67969.787512117,666,0,0,0
124,67969.787530415,666,0,0,0
124,67969.787547652,666,0,0,0
77,67969.788723292,666,1,19,1351
77,67969.898537657,666,1,5,439
124,67969.914178965,666,0,0,0
124,67969.914204662,666,0,0,0
77,67969.914218201,666,1,19,1351
77,67970.155460757,666,1,5,439
124,67970.156955577,666,0,0,0
77,67970.160517077,666,1,19,1351
77,67970.170886527,666,1,5,439
124,67970.173597281,666,0,0,0
124,67970.173626335,666,0,0,0
124,67970.173641947,666,0,0,0
77,67970.181094173,666,1,19,1351
77,67970.243541923,666,1,5,439
40,67970.252908658,666,1,5,439
77,67970.253762891,666,1,19,1351
77,67970.284556929,666,1,5,439
124,67970.287732567,666,0,0,0
124,67970.287764586,666,0,0,0
124,67970.287781665,666,0,0,0
124,67970.287799543,666,0,0,0
77,67970.289880653,666,1,19,1351
77,67970.404187815,666,1,5,439
124,67970.414328058,666,0,0,0
124,67970.414355281,666,0,0,0
77,67970.414365519,666,1,19,1351
77,67970.650153266,666,1,5,439
124,67970.657239946,666,0,0,0
77,67970.660399099,666,1,19,1351
77,67970.670706575,666,1,5,439
124,67970.67404008,666,0,0,0
124,67970.674070645,666,0,0,0
124,67970.674088389,666,0,0,0
77,67970.680996407,666,1,19,1351
77,67970.732340906,666,1,5,439
185,67970.737164622,666,1,5,439
108,67970.737210656,666,0,0,0
251,67970.73721995,666,0,0,0
77,67970.742591351,666,1,19,1351
77,67970.774342912,666,1,5,439
401,67970.774382895,666,2,94,4822
77,67970.774394118,666,1,5,440
77,67970.774394118,666,1,5,440
401,67970.774401633,666,2,93,5305
77,67970.774411608,666,1,5,439
77,67970.774530225,666,1,5,439
258,67970.774538563,666,0,0,0
258,67970.774544649,666,0,0,0
77,67970.774552466,666,1,5,440
77,67970.77463151,666,1,5,439
258,67970.774727794,666,0,0,0
258,67970.774816086,666,0,0,0
77,67970.774823093,666,1,5,440
77,67970.77484673,666,1,5,439
258,67970.774851138,666,0,0,0
258,67970.774854209,666,0,0,0
77,67970.774857006,666,1,5,440
77,67970.77492234,666,1,5,439
258,67970.774927692,666,0,0,0
77,67970.775433185,666,1,19,1351
77,67970.777805494,666,1,5,439
74,67970.777813348,666,0,0,0
77,67970.777822887,666,1,5,440
77,67970.778199301,666,1,5,439
401,67970.778226042,666,2,93,5305
77,67970.778234134,666,1,5,440
77,67970.778234134,666,1,5,440
401,67970.778249666,666,2,94,5014
77,67970.778258452,666,1,5,439
77,67970.778276071,666,1,5,439
258,67970.778331542,666,0,0,0
258,67970.778337244,666,0,0,0
77,67970.778343881,666,1,5,440
77,67970.778428398,666,1,5,439
258,67970.778432936,666,0,0,0
258,67970.778437432,666,0,0,0
77,67970.778440962,666,1,5,440
77,67970.778461361,666,1,5,439
258,67970.778471076,666,0,0,0
258,67970.778474037,666,0,0,0
77,67970.778476915,666,1,5,440
77,67970.77849675,666,1,5,439
258,67970.778500145,666,0,0,0
77,67970.778877114,666,1,19,1351
77,67970.779304234,666,1,5,439
74,67970.779816912,666,0,0,0
77,67970.779828954,666,1,5,440
77,67970.787561703,666,1,5,439
124,67970.787858993,666,0,0,0
124,67970.787881781,666,0,0,0
124,67970.787895778,666,0,0,0
124,67970.7879101,666,0,0,0
77,67970.787921787,666,1,19,1351
77,67970.795266468,666,1,5,439
258,67970.795276111,666,0,0,0
77,67970.795282334,666,1,5,440
77,67970.795321839,666,1,5,439
258,67970.795328334,666,0,0,0
77,67970.796224699,666,1,19,1351
77,67970.798440665,666,1,5,439
401,67970.798482335,666,2,93,5860
77,67970.798497153,666,1,5,440
77,67970.800411156,666,1,5,439
74,67970.800426824,666,0,0,0
77,67970.80091478,666,1,19,1351
77,67970.914234776,666,1,5,439
124,67970.924194859,666,0,0,0
124,67970.924224066,666,0,0,0
77,67970.924235651,666,1,19,1351
77,67971.15570684,666,1,5,439
401,67971.156113022,666,2,95,4992
124,67971.157323215,666,0,0,0
74,67971.161758105,666,0,0,0
126,67971.161833205,666,0,0,0
126,67971.161860705,666,0,0,0
126,67971.161884585,666,0,0,0
126,67971.161906632,666,0,0,0
126,67971.161939458,666,0,0,0
126,67971.16196747,666,0,0,0
126,67971.161990701,666,0,0,0
126,67971.162012458,666,0,0,0
126,67971.16203614,666,0,0,0
126,67971.162058865,666,0,0,0
126,67971.162084808,666,0,0,0
124,67971.162110625,666,0,0,0
74,67971.163823345,666,0,0,0
77,67971.164256807,666,1,19,1351
77,67971.164265553,666,1,5,439
74,67971.164819946,666,0,0,0
77,67971.164839027,666,1,5,440
77,67971.165236799,666,1,5,439
74,67971.165773955,666,0,0,0
77,67971.16578768,666,1,5,440
77,67971.166186455,666,1,5,439
74,67971.166708686,666,0,0,0
77,67971.166722239,666,1,5,440
77,67971.166748721,666,1,5,439
401,67971.16677581,666,2,93,4726
74,67971.167927413,666,0,0,0
124,67971.174273607,666,0,0,0
124,67971.174306979,666,0,0,0
124,67971.174323995,666,0,0,0
77,67971.178157913,666,1,19,1351
77,67971.249917869,666,1,5,439
40,67971.254130736,666,1,5,439
77,67971.260169335,666,1,19,1351
77,67971.280664426,666,1,5,439
124,67971.288126179,666,0,0,0
124,67971.288157462,666,0,0,0
124,67971.288175065,666,0,0,0
124,67971.288193441,666,0,0,0
77,67971.290880075,666,1,19,1351
77,67971.416875162,666,1,5,439
124,67971.424370626,666,0,0,0
124,67971.424406409,666,0,0,0
77,67971.426536947,666,1,19,1351
77,67971.662949058,666,1,5,439
124,67971.666952049,666,0,0,0
77,67971.673186312,666,1,19,1351
77,67971.673196401,666,1,5,439
124,67971.674453424,666,0,0,0
124,67971.674483984,666,0,0,0
124,67971.674501749,666,0,0,0
77,67971.683456687,666,1,19,1351
77,67971.734682289,666,1,5,439
185,67971.737461765,666,1,5,439
108,67971.737510609,666,0,0,0
251,67971.737520451,666,0,0,0
77,67971.744935094,666,1,19,1351
77,67971.785966027,666,1,5,439
124,67971.78836592,666,0,0,0
124,67971.788397285,666,0,0,0
124,67971.788415428,666,0,0,0
124,67971.788433487,666,0,0,0
77,67971.796186639,666,1,19,1351
77,67971.919341705,666,1,5,439
124,67971.934183413,666,0,0,0
124,67971.93420746,666,0,0,0
77,67971.934218263,666,1,19,1351
77,67972.160966886,666,1,5,439
124,67972.167060248,666,0,0,0
77,67972.171035051,666,1,19,1351
77,67972.17104625,666,1,5,439
124,67972.17468994,666,0,0,0
124,67972.174720094,666,0,0,0
124,67972.174736797,666,0,0,0
77,67972.181298144,666,1,19,1351
77,67972.254131512,666,1,5,439
40,67972.255345572,666,1,5,439
77,67972.264258295,666,1,19,1351
77,67972.284968415,666,1,5,439
124,67972.288608474,666,0,0,0
124,67972.288639465,666,0,0,0
124,67972.288656992,666,0,0,0
124,67972.288675159,666,0,0,0
77,67972.295230112,666,1,19,1351
77,67972.434236975,666,1,5,439
124,67972.434369888,666,0,0,0
124,67972.434392065,666,0,0,0
77,67972.435269093,666,1,19,1351
77,67972.659382925,666,1,5,439
124,67972.66723784,666,0,0,0
77,67972.669603356,666,1,19,1351
77,67972.669614254,666,1,5,439
124,67972.674967278,666,0,0,0
124,67972.674997941,666,0,0,0
124,67972.675015054,666,0,0,0
77,67972.679884057,666,1,19,1351
77,67972.736080557,666,1,5,439
185,67972.737739357,666,1,5,439
108,67972.737786967,666,0,0,0
251,67972.737795805,666,0,0,0
77,67972.741312401,666,1,19,1351
77,67972.782339327,666,1,5,439
124,67972.788886402,666,0,0,0
124,67972.788917061,666,0,0,0
124,67972.788935049,666,0,0,0
124,67972.788952403,666,0,0,0
77,67972.792574663,666,1,19,1351
77,67972.925968497,666,1,5,439
124,67972.934607082,666,0,0,0
124,67972.934633695,666,0,0,0
77,67972.944207005,666,1,19,1351
77,67973.159230145,666,1,5,439
124,67973.167490964,666,0,0,0
77,67973.169457242,666,1,19,1351
77,67973.169467014,666,1,5,439
124,67973.175040694,666,0,0,0
124,67973.175069348,666,0,0,0
124,67973.175171437,666,0,0,0
77,67973.179660228,666,1,19,1351
77,67973.251477998,666,1,5,439
40,67973.256472061,666,1,5,439
77,67973.261728174,666,1,19,1351
77,67973.282315291,666,1,5,439
124,67973.289132018,666,0,0,0
124,67973.289163277,666,0,0,0
124,67973.289180975,666,0,0,0
124,67973.289199087,666,0,0,0
77,67973.292543791,666,1,19,1351
77,67973.434213273,666,1,5,439
124,67973.442268203,666,0,0,0
124,67973.442297932,666,0,0,0
77,67973.444255171,666,1,19,1351
77,67973.659902461,666,1,5,439
124,67973.667766704,666,0,0,0
77,67973.670134653,666,1,19,1351
77,67973.670144632,666,1,5,439
124,67973.675295983,666,0,0,0
124,67973.675325585,666,0,0,0
124,67973.675343517,666,0,0,0
77,67973.680374328,666,1,19,1351
77,67973.732082461,666,1,5,439
185,67973.73803797,666,1,5,439
108,67973.738085383,666,0,0,0
251,67973.738095109,666,0,0,0
77,67973.742316387,666,1,19,1351
77,67973.78445415,666,1,5,439
124,67973.789389252,666,0,0,0
124,67973.789419308,666,0,0,0
124,67973.789435706,666,0,0,0
124,67973.789451864,666,0,0,0
77,67973.79463423,666,1,19,1351
77,67973.938498256,666,1,5,439
124,67973.942496368,666,0,0,0
124,67973.942525169,666,0,0,0
77,67973.954219183,666,1,19,1351
77,67974.159108768,666,1,5,439
124,67974.168040845,666,0,0,0
77,67974.16932255,666,1,19,1351
77,67974.16933241,666,1,5,439
124,67974.1755819,666,0,0,0
124,67974.175612017,666,0,0,0
124,67974.175628756,666,0,0,0
77,67974.179569813,666,1,19,1351
77,67974.255059584,666,1,5,439
40,67974.257679133,666,1,5,439
77,67974.261642713,666,1,19,1351
77,67974.282206619,666,1,5,439
124,67974.289665234,666,0,0,0
124,67974.289696386,666,0,0,0
124,67974.289713714,666,0,0,0
124,67974.289731148,666,0,0,0
77,67974.292430365,666,1,19,1351
77,67974.436197907,666,1,5,439
124,67974.444184227,666,0,0,0
124,67974.444213745,666,0,0,0
77,67974.453014019,666,1,19,1351
77,67974.658249686,666,1,5,439
124,67974.668327018,666,0,0,0
77,67974.668359717,666,1,19,1351
77,67974.668365767,666,1,5,439
124,67974.675824583,666,0,0,0
124,67974.675852518,666,0,0,0
124,67974.675869227,666,0,0,0
77,67974.678601321,666,1,19,1351
77,67974.729974616,666,1,5,439
185,67974.73832112,666,1,5,439
108,67974.738367812,666,0,0,0
251,67974.738377629,666,0,0,0
77,67974.740188906,666,1,19,1351
77,67974.781252265,666,1,5,439
124,67974.789942746,666,0,0,0
124,67974.789973141,666,0,0,0
124,67974.789988907,666,0,0,0
124,67974.790005385,666,0,0,0
77,67974.791468916,666,1,19,1351
77,67974.935270864,666,1,5,439
124,67974.944452156,666,0,0,0
124,67974.944480374,666,0,0,0
77,67974.945477186,666,1,19,1351
77,67975.16828718,666,1,5,439
124,67975.168406306,666,0,0,0
124,67975.176120444,666,0,0,0
124,67975.176149184,666,0,0,0
124,67975.176167142,666,0,0,0
77,67975.178465412,666,1,19,1351
77,67975.257980988,666,1,5,439
40,67975.257993965,666,1,5,439
77,67975.26084022,666,1,19,1351
77,67975.260850069,666,1,5,439
40,67975.262229124,666,1,5,439
77,67975.271115875,666,1,19,1351
77,67975.282028708,666,1,5,439
124,67975.29024418,666,0,0,0
124,67975.29027566,666,0,0,0
124,67975.290292529,666,0,0,0
124,67975.290309735,666,0,0,0
77,67975.292249027,666,1,19,1351
77,67975.436701288,666,1,5,439
124,67975.444720902,666,0,0,0
124,67975.444750992,666,0,0,0
77,67975.44487004,666,1,19,1351
77,67975.664744642,666,1,5,439
124,67975.668656649,666,0,0,0
77,67975.668790957,666,1,19,1351
77,67975.668798498,666,1,5,439
124,67975.676408401,666,0,0,0
124,67975.676438051,666,0,0,0
124,67975.676455611,666,0,0,0
77,67975.679016731,666,1,19,1351
77,67975.730267837,666,1,5,439
185,67975.738646305,666,1,5,439
108,67975.738693048,666,0,0,0
251,67975.738702612,666,0,0,0
77,67975.740489143,666,1,19,1351
77,67975.781556005,666,1,5,439
124,67975.790482982,666,0,0,0
124,67975.790513614,666,0,0,0
124,67975.7905307,666,0,0,0
124,67975.790546973,666,0,0,0
77,67975.791769356,666,1,19,1351
77,67975.935227246,666,1,5,439
124,67975.945005341,666,0,0,0
124,67975.945035715,666,0,0,0
77,67975.945350104,666,1,19,1351
77,67976.165916159,666,1,5,439
124,67976.168897083,666,0,0,0
77,67976.175462589,666,1,19,1351
77,67976.175472484,666,1,5,439
124,67976.176639138,666,0,0,0
124,67976.176668633,666,0,0,0
124,67976.176685559,666,0,0,0
77,67976.185705274,666,1,19,1351
77,67976.257673683,666,1,5,439
40,67976.263450779,666,1,5,439
77,67976.26608124,666,1,19,1351
77,67976.288368902,666,1,5,439
124,67976.290711982,666,0,0,0
124,67976.290743645,666,0,0,0
124,67976.290762573,666,0,0,0
124,67976.290780064,666,0,0,0
77,67976.298546803,666,1,19,1351
77,67976.44207722,666,1,5,439
124,67976.445207119,666,0,0,0
124,67976.445237092,666,0,0,0
77,67976.452324059,666,1,19,1351
77,67976.661296663,666,1,5,439
124,67976.669168016,666,0,0,0
77,67976.671524321,666,1,19,1351
77,67976.674701951,666,1,5,439
124,67976.676880363,666,0,0,0
124,67976.676910422,666,0,0,0
124,67976.676927209,666,0,0,0
77,67976.682538114,666,1,19,1351
77,67976.733789128,666,1,5,439
185,67976.738961103,666,1,5,439
108,67976.739008727,666,0,0,0
251,67976.739018236,666,0,0,0
77,67976.744070293,666,1,19,1351
77,67976.785182936,666,1,5,439
124,67976.790981437,666,0,0,0
124,67976.791012338,666,0,0,0
124,67976.791029167,666,0,0,0
124,67976.791046074,666,0,0,0
77,67976.795440376,666,1,19,1351
77,67976.944310911,666,1,5,439
124,67976.945435479,666,0,0,0
124,67976.945459803,666,0,0,0
77,67976.95456054,666,1,19,1351
77,67977.158939086,666,1,5,439
124,67977.16923301,666,0,0,0
77,67977.169264882,666,1,19,1351
77,67977.175786554,666,1,5,439
124,67977.177129469,666,0,0,0
124,67977.177158041,666,0,0,0
124,67977.17717508,666,0,0,0
77,67977.179490752,666,1,19,1351
77,67977.262381947,666,1,5,439
40,67977.264658574,666,1,5,439
77,67977.272636353,666,1,19,1351
77,67977.283481519,666,1,5,439
124,67977.291262288,666,0,0,0
124,67977.29129267,666,0,0,0
124,67977.291309599,666,0,0,0
124,67977.291327192,666,0,0,0
77,67977.293706097,666,1,19,1351
77,67977.437312197,666,1,5,439
124,67977.445699863,666,0,0,0
124,67977.445730672,666,0,0,0
77,67977.447524579,666,1,19,1351
77,67977.668348871,666,1,5,439
124,67977.669464465,666,0,0,0
124,67977.677384216,666,0,0,0
124,67977.677411506,666,0,0,0
124,67977.677428322,666,0,0,0
77,67977.678547377,666,1,19,1351
77,67977.729870348,666,1,5,439
185,67977.739254241,666,1,5,439
108,67977.739300548,666,0,0,0
251,67977.739309782,666,0,0,0
77,67977.740076471,666,1,19,1351
77,67977.785047338,666,1,5,439
124,67977.791405214,666,0,0,0
124,67977.791435647,666,0,0,0
124,67977.791452453,666,0,0,0
124,67977.791470037,666,0,0,0
77,67977.7914842,666,1,19,1351
77,67977.944153557,666,1,5,439
124,67977.950425585,666,0,0,0
124,67977.950448928,666,0,0,0
77,67977.954248707,666,1,19,1351
77,67978.166976274,666,1,5,439
124,67978.169711094,666,0,0,0
77,67978.177238643,666,1,19,1351
77,67978.177248067,666,1,5,439
124,67978.177525916,666,0,0,0
124,67978.177553163,666,0,0,0
124,67978.177570703,666,0,0,0
77,67978.185655894,666,1,19,1351
77,67978.259392373,666,1,5,439
40,67978.265890434,666,1,5,439
77,67978.269622216,666,1,19,1351
77,67978.290184693,666,1,5,439
124,67978.291639888,666,0,0,0
124,67978.291671357,666,0,0,0
124,67978.291688951,666,0,0,0
124,67978.291706746,666,0,0,0
77,67978.300457497,666,1,19,1351
77,67978.443900484,666,1,5,439
124,67978.45068683,666,0,0,0
124,67978.450716682,666,0,0,0
77,67978.454140327,666,1,19,1351
77,67978.668568393,666,1,5,439
124,67978.669952105,666,0,0,0
124,67978.677813895,666,0,0,0
124,67978.677842605,666,0,0,0
124,67978.677860212,666,0,0,0
77,67978.67874565,666,1,19,1351
77,67978.72995025,666,1,5,439
185,67978.739618303,666,1,5,439
108,67978.739664307,666,0,0,0
251,67978.739673736,666,0,0,0
77,67978.740082964,666,1,19,1351
77,67978.791516479,666,1,5,439
124,67978.79178438,666,0,0,0
124,67978.791813025,666,0,0,0
124,67978.791830682,666,0,0,0
124,67978.791848259,666,0,0,0
77,67978.794973164,666,1,19,1351
77,67978.945558192,666,1,5,439
124,67978.950944802,666,0,0,0
124,67978.950975689,666,0,0,0
77,67978.955807349,666,1,19,1351
77,67979.167894156,666,1,5,439
124,67979.170201066,666,0,0,0
124,67979.178105452,666,0,0,0
124,67979.178134569,666,0,0,0
124,67979.178151615,666,0,0,0
77,67979.178182842,666,1,19,1351
77,67979.260230019,666,1,5,439
40,67979.267137589,666,1,5,439
77,67979.270417065,666,1,19,1351
77,67979.291006458,666,1,5,439
124,67979.292015327,666,0,0,0
124,67979.292046192,666,0,0,0
124,67979.292064098,666,0,0,0
124,67979.292080787,666,0,0,0
77,67979.296315699,666,1,19,1351
77,67979.44504323,666,1,5,439
124,67979.451214618,666,0,0,0
124,67979.451243853,666,0,0,0
77,67979.455284922,666,1,19,1351
77,67979.668080325,666,1,5,439
124,67979.670395956,666,0,0,0
124,67979.67833267,666,0,0,0
124,67979.67836138,666,0,0,0
124,67979.678378807,666,0,0,0
77,67979.678391863,666,1,19,1351
77,67979.729700818,666,1,5,439
185,67979.73991802,666,1,5,439
108,67979.739964638,666,0,0,0
251,67979.73997449,666,0,0,0
77,67979.740006753,666,1,19,1351
77,67979.791351211,666,1,5,439
124,67979.792249635,666,0,0,0
124,67979.792281048,666,0,0,0
124,67979.792297526,666,0,0,0
124,67979.792314532,666,0,0,0
77,67979.80158662,666,1,19,1351
77,67979.945174421,666,1,5,439
124,67979.951486907,666,0,0,0
124,67979.95151632,666,0,0,0
77,67979.955323383,666,1,19,1351
77,67980.165910671,666,1,5,439
124,67980.170628018,666,0,0,0
77,67980.176059756,666,1,19,1351
77,67980.176070709,666,1,5,439
124,67980.178553925,666,0,0,0
124,67980.178583824,666,0,0,0
124,67980.178600566,666,0,0,0
77,67980.186327738,666,1,19,1351
77,67980.258115781,666,1,5,439
40,67980.268350659,666,1,5,439
77,67980.26840014,666,1,19,1351
77,67980.288967666,666,1,5,439
124,67980.292511338,666,0,0,0
124,67980.292541839,666,0,0,0
124,67980.292559372,666,0,0,0
124,67980.29257689,666,0,0,0
77,67980.299196976,666,1,19,1351
77,67980.445118063,666,1,5,439
124,67980.452070725,666,0,0,0
124,67980.452101756,666,0,0,0
77,67980.453134362,666,1,19,1351
77,67980.665985785,666,1,5,439
124,67980.67084764,666,0,0,0
77,67980.676233231,666,1,19,1351
77,67980.676243663,666,1,5,439
124,67980.678778698,666,0,0,0
124,67980.6788069,666,0,0,0
124,67980.678822844,666,0,0,0
77,67980.686501426,666,1,19,1351
77,67980.737811015,666,1,5,439
185,67980.740212828,666,1,5,439
108,67980.740258553,666,0,0,0
251,67980.740268032,666,0,0,0
77,67980.748071928,666,1,19,1351
77,67980.789184823,666,1,5,439
124,67980.792766892,666,0,0,0
124,67980.792797125,666,0,0,0
124,67980.79281374,666,0,0,0
124,67980.792831541,666,0,0,0
77,67980.799419474,666,1,19,1351
77,67980.943197062,666,1,5,439
124,67980.952302877,666,0,0,0
124,67980.952333552,666,0,0,0
77,67980.953416296,666,1,19,1351
77,67981.1669465,666,1,5,439
124,67981.171104056,666,0,0,0
77,67981.177198534,666,1,19,1351
77,67981.177208751,666,1,5,439
124,67981.179012076,666,0,0,0
124,67981.179042415,666,0,0,0
124,67981.179059356,666,0,0,0
77,67981.187474097,666,1,19,1351
77,67981.259260566,666,1,5,439
40,67981.269525507,666,1,5,439
77,67981.26957456,666,1,19,1351
77,67981.290111792,666,1,5,439
124,67981.29297381,666,0,0,0
124,67981.293004865,666,0,0,0
124,67981.293022139,666,0,0,0
124,67981.293040094,666,0,0,0
77,67981.300151765,666,1,19,1351
77,67981.444811719,666,1,5,439
124,67981.452542679,666,0,0,0
124,67981.45257358,666,0,0,0
77,67981.454210951,666,1,19,1351
77,67981.667673675,666,1,5,439
124,67981.671346968,666,0,0,0
77,67981.677926146,666,1,19,1351
77,67981.677936122,666,1,5,439
124,67981.679249052,666,0,0,0
124,67981.679277341,666,0,0,0
124,67981.679295653,666,0,0,0
77,67981.688200446,666,1,19,1351
77,67981.739413911,666,1,5,439
185,67981.740495783,666,1,5,439
108,67981.740542294,666,0,0,0
251,67981.74055177,666,0,0,0
77,67981.745433332,666,1,19,1351
77,67981.790523258,666,1,5,439
124,67981.793225612,666,0,0,0
124,67981.793256313,666,0,0,0
124,67981.793273488,666,0,0,0
124,67981.793290373,666,0,0,0
77,67981.800689352,666,1,19,1351
77,67981.945925764,666,1,5,439
124,67981.952829386,666,0,0,0
124,67981.952859809,666,0,0,0
77,67981.954428274,666,1,19,1351
77,67982.165740089,666,1,5,439
124,67982.171492464,666,0,0,0
77,67982.175979066,666,1,19,1351
77,67982.175989027,666,1,5,439
124,67982.179495071,666,0,0,0
124,67982.179525442,666,0,0,0
124,67982.179542461,666,0,0,0
77,67982.186261332,666,1,19,1351
77,67982.268487849,666,1,5,439
40,67982.270717717,666,1,5,439
77,67982.278741372,666,1,19,1351
77,67982.289000864,666,1,5,439
124,67982.293488554,666,0,0,0
124,67982.293519419,666,0,0,0
124,67982.293536316,666,0,0,0
124,67982.293553215,666,0,0,0
77,67982.299251478,666,1,19,1351
77,67982.442966132,666,1,5,439
124,67982.453116591,666,0,0,0
124,67982.453145753,666,0,0,0
77,67982.453160146,666,1,19,1351
77,67982.667572557,666,1,5,439
124,67982.671738831,666,0,0,0
77,67982.677830605,666,1,19,1351
77,67982.677840372,666,1,5,439
124,67982.679731407,666,0,0,0
124,67982.679759843,666,0,0,0
124,67982.679777133,666,0,0,0
77,67982.688104078,666,1,19,1351
77,67982.739417025,666,1,5,439
185,67982.740782992,666,1,5,439
108,67982.740829146,666,0,0,0
251,67982.740838812,666,0,0,0
77,67982.749676026,666,1,19,1351
77,67982.790802649,666,1,5,439
124,67982.793733544,666,0,0,0
124,67982.793763954,666,0,0,0
124,67982.79377962,666,0,0,0
124,67982.793796509,666,0,0,0
77,67982.801063901,666,1,19,1351
77,67982.944894016,666,1,5,439
124,67982.953391985,666,0,0,0
124,67982.953423328,666,0,0,0
77,67982.955071698,666,1,19,1351
77,67983.166757853,666,1,5,439
124,67983.171999005,666,0,0,0
77,67983.176966042,666,1,19,1351
77,67983.176975637,666,1,5,439
124,67983.179969831,666,0,0,0
124,67983.179998417,666,0,0,0
124,67983.180014495,666,0,0,0
77,67983.187225483,666,1,19,1351
77,67983.269368932,666,1,5,439
40,67983.271923898,666,1,5,439
77,67983.279634164,666,1,19,1351
77,67983.28991862,666,1,5,439
124,67983.293990885,666,0,0,0
124,67983.294022645,666,0,0,0
124,67983.294038963,666,0,0,0
124,67983.294055986,666,0,0,0
77,67983.300165482,666,1,19,1351
77,67983.44403401,666,1,5,439
124,67983.453676121,666,0,0,0
124,67983.453705529,666,0,0,0
77,67983.454214171,666,1,19,1351
77,67983.667365251,666,1,5,439
124,67983.67225463,666,0,0,0
77,67983.677627989,666,1,19,1351
77,67983.677637591,666,1,5,439
124,67983.680238904,666,0,0,0
124,67983.680265848,666,0,0,0
124,67983.680280973,666,0,0,0
77,67983.687874872,666,1,19,1351
77,67983.739244419,666,1,5,439
185,67983.741074673,666,1,5,439
108,67983.741121578,666,0,0,0
251,67983.741131997,666,0,0,0
77,67983.744683698,666,1,19,1351
77,67983.79049816,666,1,5,439
124,67983.794250473,666,0,0,0
124,67983.794280904,666,0,0,0
124,67983.794297301,666,0,0,0
124,67983.794315123,666,0,0,0
77,67983.800751818,666,1,19,1351
77,67983.945216903,666,1,5,439
124,67983.953959187,666,0,0,0
124,67983.953988467,666,0,0,0
77,67983.954598359,666,1,19,1351
77,67984.166381889,666,1,5,439
124,67984.172515339,666,0,0,0
77,67984.17436469,666,1,19,1351
77,67984.176601642,666,1,5,439
124,67984.180358209,666,0,0,0
124,67984.180386654,666,0,0,0
124,67984.180403155,666,0,0,0
77,67984.186852169,666,1,19,1351
77,67984.269109875,666,1,5,439
40,67984.273154382,666,1,5,439
77,67984.274569488,666,1,19,1351
77,67984.289640521,666,1,5,439
124,67984.294506032,666,0,0,0
124,67984.294536667,666,0,0,0
124,67984.294554415,666,0,0,0
124,67984.294570847,666,0,0,0
77,67984.299883398,666,1,19,1351
77,67984.4537651,666,1,5,439
124,67984.454161228,666,0,0,0
124,67984.454208732,666,0,0,0
77,67984.464004625,666,1,19,1351
77,67984.666627933,666,1,5,439
124,67984.672775404,666,0,0,0
77,67984.675545866,666,1,19,1351
77,67984.676842262,666,1,5,439
124,67984.680605935,666,0,0,0
124,67984.680634688,666,0,0,0
124,67984.680652242,666,0,0,0
77,67984.687090801,666,1,19,1351
77,67984.738423015,666,1,5,439
185,67984.741315952,666,1,5,439
108,67984.741364313,666,0,0,0
251,67984.7413744,666,0,0,0
77,67984.750386145,666,1,19,1351
77,67984.791458694,666,1,5,439
124,67984.79474128,666,0,0,0
124,67984.794772613,666,0,0,0
124,67984.79479016,666,0,0,0
124,67984.794807417,666,0,0,0
77,67984.801706027,666,1,19,1351
77,67984.945259991,666,1,5,439
124,67984.954361139,666,0,0,0
124,67984.954390828,666,0,0,0
77,67984.955152447,666,1,19,1351
77,67985.166089386,666,1,5,439
124,67985.173046266,666,0,0,0
77,67985.17632507,666,1,19,1351
77,67985.176334839,666,1,5,439
124,67985.180856431,666,0,0,0
124,67985.180886384,666,0,0,0
124,67985.180902711,666,0,0,0
77,67985.18439369,666,1,19,1351
77,67985.268577674,666,1,5,439
40,67985.274275657,666,1,5,439
77,67985.278798346,666,1,19,1351
77,67985.289062842,666,1,5,439
124,67985.294984115,666,0,0,0
124,67985.295014462,666,0,0,0
124,67985.295031639,666,0,0,0
124,67985.295049042,666,0,0,0
77,67985.29929953,666,1,19,1351
77,67985.453469216,666,1,5,439
124,67985.454560882,666,0,0,0
124,67985.454590129,666,0,0,0
77,67985.456518087,666,1,19,1351
77,67985.666470201,666,1,5,439
124,67985.673126017,666,0,0,0
77,67985.676543252,666,1,19,1351
77,67985.676553048,666,1,5,439
124,67985.680906756,666,0,0,0
124,67985.681032802,666,0,0,0
124,67985.681053406,666,0,0,0
77,67985.685548528,666,1,19,1351
77,67985.738068765,666,1,5,439
185,67985.741619851,666,1,5,439
108,67985.74166697,666,0,0,0
251,67985.741676708,666,0,0,0
77,67985.748326603,666,1,19,1351
77,67985.789235531,666,1,5,439
124,67985.795259767,666,0,0,0
124,67985.795289857,666,0,0,0
124,67985.795306682,666,0,0,0
124,67985.795325001,666,0,0,0
77,67985.799450369,666,1,19,1351
77,67985.953542178,666,1,5,439
124,67985.954771936,666,0,0,0
124,67985.954801225,666,0,0,0
77,67985.95770108,666,1,19,1351
77,67986.165989777,666,1,5,439
124,67986.173376021,666,0,0,0
77,67986.176215661,666,1,19,1351
77,67986.17622549,666,1,5,439
124,67986.181161619,666,0,0,0
124,67986.181190866,666,0,0,0
124,67986.181207034,666,0,0,0
77,67986.186461173,666,1,19,1351
77,67986.268623455,666,1,5,439
40,67986.27553065,666,1,5,439
77,67986.278834605,666,1,19,1351
77,67986.294951217,666,1,5,439
124,67986.29546992,666,0,0,0
124,67986.295499553,666,0,0,0
124,67986.295516472,666,0,0,0
124,67986.295533183,666,0,0,0
77,67986.299359498,666,1,19,1351
77,67986.453192835,666,1,5,439
124,67986.45499835,666,0,0,0
124,67986.455028533,666,0,0,0
77,67986.458760947,666,1,19,1351
77,67986.666193487,666,1,5,439
124,67986.673647676,666,0,0,0
77,67986.676421356,666,1,19,1351
77,67986.676432114,666,1,5,439
124,67986.681416065,666,0,0,0
124,67986.681446032,666,0,0,0
124,67986.681464391,666,0,0,0
77,67986.686652575,666,1,19,1351
77,67986.737894653,666,1,5,439
185,67986.741923709,666,1,5,439
108,67986.741972316,666,0,0,0
251,67986.741982185,666,0,0,0
77,67986.748144654,666,1,19,1351
77,67986.789209355,666,1,5,439
124,67986.795710747,666,0,0,0
124,67986.795740853,666,0,0,0
124,67986.795757334,666,0,0,0
124,67986.795774298,666,0,0,0
77,67986.79612069,666,1,19,1351
77,67986.953434984,666,1,5,439
124,67986.955228708,666,0,0,0
124,67986.955258918,666,0,0,0
77,67986.960029562,666,1,19,1351
77,67987.165655689,666,1,5,439
124,67987.174226534,666,0,0,0
77,67987.175809559,666,1,19,1351
77,67987.175824677,666,1,5,439
124,67987.181700795,666,0,0,0
124,67987.181730401,666,0,0,0
124,67987.181746691,666,0,0,0
77,67987.186069498,666,1,19,1351
77,67987.268382894,666,1,5,439
40,67987.276740662,666,1,5,439
77,67987.278582798,666,1,19,1351
77,67987.288882229,666,1,5,439
124,67987.295996712,666,0,0,0
124,67987.296026918,666,0,0,0
124,67987.29604441,666,0,0,0
124,67987.296061406,666,0,0,0
77,67987.299367787,666,1,19,1351
77,67987.453869397,666,1,5,439
124,67987.455465625,666,0,0,0
124,67987.455495991,666,0,0,0
77,67987.461247459,666,1,19,1351
77,67987.665825208,666,1,5,439
124,67987.674469974,666,0,0,0
77,67987.676045091,666,1,19,1351
77,67987.676054546,666,1,5,439
124,67987.681962288,666,0,0,0
124,67987.681990173,666,0,0,0
124,67987.68200523,666,0,0,0
77,67987.686295841,666,1,19,1351
77,67987.737531902,666,1,5,439
185,67987.742246433,666,1,5,439
108,67987.7422913,666,0,0,0
251,67987.742300622,666,0,0,0
77,67987.747785693,666,1,19,1351
77,67987.788806683,666,1,5,439
124,67987.796223855,666,0,0,0
124,67987.796253066,666,0,0,0
124,67987.79626892,666,0,0,0
124,67987.796284616,666,0,0,0
77,67987.799018597,666,1,19,1351
77,67987.952808395,666,1,5,439
124,67987.955700636,666,0,0,0
124,67987.955729764,666,0,0,0
77,67987.96251585,666,1,19,1351
77,67988.165208162,666,1,5,439
124,67988.174697557,666,0,0,0
77,67988.175362383,666,1,19,1351
77,67988.175371844,666,1,5,439
124,67988.182218217,666,0,0,0
124,67988.182246729,666,0,0,0
124,67988.182263382,666,0,0,0
77,67988.185600468,666,1,19,1351
77,67988.267812523,666,1,5,439
40,67988.277998938,666,1,5,439
77,67988.27804273,666,1,19,1351
77,67988.288332536,666,1,5,439
124,67988.296371513,666,0,0,0
124,67988.296398479,666,0,0,0
124,67988.296412364,666,0,0,0
124,67988.296426213,666,0,0,0
77,67988.298532782,666,1,19,1351
77,67988.452406108,666,1,5,439
124,67988.455895835,666,0,0,0
124,67988.455923499,666,0,0,0
77,67988.46265197,666,1,19,1351
77,67988.665617009,666,1,5,439
124,67988.674951101,666,0,0,0
77,67988.675829749,666,1,19,1351
77,67988.675839522,666,1,5,439
124,67988.68248433,666,0,0,0
124,67988.68251056,666,0,0,0
124,67988.682525058,666,0,0,0
77,67988.686070607,666,1,19,1351
77,67988.737194535,666,1,5,439
185,67988.742557873,666,1,5,439
108,67988.742601651,666,0,0,0
251,67988.742610692,666,0,0,0
77,67988.747430828,666,1,19,1351
77,67988.788525506,666,1,5,439
124,67988.796533329,666,0,0,0
124,67988.796562461,666,0,0,0
124,67988.7965775,666,0,0,0
124,67988.796592431,666,0,0,0
77,67988.798728789,666,1,19,1351
77,67988.952564108,666,1,5,439
124,67988.956142611,666,0,0,0
124,67988.956169587,666,0,0,0
77,67988.962813359,666,1,19,1351
77,67989.166068852,666,1,5,439
124,67989.175224667,666,0,0,0
77,67989.175356052,666,1,19,1351
77,67989.175363462,666,1,5,439
124,67989.182746292,666,0,0,0
124,67989.182771667,666,0,0,0
124,67989.182785041,666,0,0,0
77,67989.185586562,666,1,19,1351
77,67989.277972818,666,1,5,439
40,67989.279184688,666,1,5,439
77,67989.28823846,666,1,19,1351
77,67989.288247845,666,1,5,439
124,67989.296786639,666,0,0,0
124,67989.296815121,666,0,0,0
124,67989.296829712,666,0,0,0
124,67989.296844265,666,0,0,0
77,67989.298416144,666,1,19,1351
77,67989.452401834,666,1,5,439
124,67989.456385813,666,0,0,0
124,67989.456412341,666,0,0,0
77,67989.462643962,666,1,19,1351
77,67989.667277414,666,1,5,439
124,67989.67548656,666,0,0,0
77,67989.675514338,666,1,19,1351
77,67989.675520585,666,1,5,439
124,67989.682970941,666,0,0,0
124,67989.682998708,666,0,0,0
124,67989.68301316,666,0,0,0
77,67989.68574572,666,1,19,1351
77,67989.737162155,666,1,5,439
185,67989.742843953,666,1,5,439
108,67989.742885439,666,0,0,0
251,67989.742894202,666,0,0,0
77,67989.747400661,666,1,19,1351
77,67989.788523156,666,1,5,439
124,67989.797034391,666,0,0,0
124,67989.797061535,666,0,0,0
124,67989.797076153,666,0,0,0
124,67989.797090729,666,0,0,0
77,67989.798741411,666,1,19,1351
77,67989.954287502,666,1,5,439
124,67989.956597326,666,0,0,0
124,67989.956618718,666,0,0,0
77,67989.964574046,666,1,19,1351
77,67990.174944176,666,1,5,439
124,67990.175693,666,0,0,0
124,67990.183133843,666,0,0,0
124,67990.183161894,666,0,0,0
124,67990.183177781,666,0,0,0
77,67990.185158896,666,1,19,1351
77,67990.277608282,666,1,5,439
40,67990.27999196,666,1,5,439
77,67990.28786586,666,1,19,1351
77,67990.287876571,666,1,5,439
124,67990.29734033,666,0,0,0
124,67990.29736904,666,0,0,0
124,67990.297384237,666,0,0,0
124,67990.297400333,666,0,0,0
77,67990.298046073,666,1,19,1351
77,67990.451833786,666,1,5,439
124,67990.456848707,666,0,0,0
124,67990.456876485,666,0,0,0
77,67990.462046573,666,1,19,1351
77,67990.675311194,666,1,5,439
124,67990.675875684,666,0,0,0
124,67990.683405195,666,0,0,0
124,67990.683434693,666,0,0,0
124,67990.683450356,666,0,0,0
77,67990.685536936,666,1,19,1351
77,67990.740936887,666,1,5,439
185,67990.743123224,666,1,5,439
108,67990.74316593,666,0,0,0
251,67990.743175211,666,0,0,0
77,67990.747202741,666,1,19,1351
77,67990.788242627,666,1,5,439
124,67990.797643141,666,0,0,0
124,67990.797673938,666,0,0,0
124,67990.797689371,666,0,0,0
124,67990.797705869,666,0,0,0
77,67990.798381108,666,1,19,1351
77,67990.952174442,666,1,5,439
124,67990.957107122,666,0,0,0
124,67990.957134639,666,0,0,0
77,67990.962416529,666,1,19,1351
77,67991.174804401,666,1,5,439
124,67991.176093608,666,0,0,0
124,67991.183565337,666,0,0,0
124,67991.183591962,666,0,0,0
124,67991.18360571,666,0,0,0
77,67991.185015704,666,1,19,1351
77,67991.27742519,666,1,5,439
40,67991.281198056,666,1,5,439
77,67991.287672112,666,1,19,1351
77,67991.287681771,666,1,5,439
124,67991.297914009,666,0,0,0
124,67991.297943137,666,0,0,0
124,67991.29795759,666,0,0,0
124,67991.297972013,666,0,0,0
77,67991.297988121,666,1,19,1351
77,67991.451717102,666,1,5,439
124,67991.457371774,666,0,0,0
124,67991.457398642,666,0,0,0
77,67991.462065393,666,1,19,1351
77,67991.675466705,666,1,5,439
124,67991.676313068,666,0,0,0
124,67991.683812605,666,0,0,0
124,67991.683839898,666,0,0,0
124,67991.683856018,666,0,0,0
77,67991.685239567,666,1,19,1351
77,67991.736475402,666,1,5,439
185,67991.743408541,666,1,5,439
108,67991.743450639,666,0,0,0
251,67991.743459526,666,0,0,0
77,67991.745392476,666,1,19,1351
77,67991.78771366,666,1,5,439
124,67991.798016606,666,0,0,0
124,67991.798045195,666,0,0,0
124,67991.798059175,666,0,0,0
77,67991.79807287,666,1,19,1351
77,67991.798079131,666,1,5,439
124,67991.798219459,666,0,0,0
77,67991.808330135,666,1,19,1351
77,67991.951839012,666,1,5,439
124,67991.95744332,666,0,0,0
124,67991.957471873,666,0,0,0
77,67991.962070314,666,1,19,1351
77,67992.174580703,666,1,5,439
124,67992.176548687,666,0,0,0
77,67992.176577033,666,1,19,1351
77,67992.176649608,666,1,5,439
124,67992.184086713,666,0,0,0
124,67992.184113911,666,0,0,0
124,67992.184128464,666,0,0,0
77,67992.184739664,666,1,19,1351
77,67992.277949087,666,1,5,439
40,67992.282360017,666,1,5,439
77,67992.288196433,666,1,19,1351
77,67992.288206216,666,1,5,439
124,67992.299082455,666,0,0,0
124,67992.299110249,666,0,0,0
124,67992.29912514,666,0,0,0
124,67992.299139567,666,0,0,0
77,67992.299155426,666,1,19,1351
77,67992.453618802,666,1,5,439
124,67992.457686292,666,0,0,0
124,67992.457713229,666,0,0,0
77,67992.463864024,666,1,19,1351
77,67992.674865932,666,1,5,439
124,67992.676774261,666,0,0,0
77,67992.677846137,666,1,19,1351
77,67992.677923951,666,1,5,439
124,67992.684321248,666,0,0,0
124,67992.684346496,666,0,0,0
124,67992.68436119,666,0,0,0
77,67992.685068501,666,1,19,1351
77,67992.736446888,666,1,5,439
185,67992.74372006,666,1,5,439
108,67992.743762702,666,0,0,0
251,67992.743771379,666,0,0,0
77,67992.746667038,666,1,19,1351
77,67992.798065485,666,1,5,439
124,67992.799912219,666,0,0,0
124,67992.799939221,666,0,0,0
124,67992.799954319,666,0,0,0
124,67992.799968529,666,0,0,0
77,67992.808331165,666,1,19,1351
77,67992.951914451,666,1,5,439
124,67992.957929634,666,0,0,0
124,67992.957957106,666,0,0,0
77,67992.962148609,666,1,19,1351
77,67993.17558862,666,1,5,439
124,67993.176853384,666,0,0,0
77,67993.178917315,666,1,19,1351
77,67993.179076998,666,1,5,439
124,67993.184485583,666,0,0,0
124,67993.184509402,666,0,0,0
124,67993.184523521,666,0,0,0
77,67993.18579335,666,1,19,1351
77,67993.279301067,666,1,5,439
40,67993.283565857,666,1,5,439
77,67993.289426265,666,1,19,1351
77,67993.289435997,666,1,5,439
124,67993.300296325,666,0,0,0
124,67993.300324891,666,0,0,0
124,67993.300339726,666,0,0,0
124,67993.300353807,666,0,0,0
77,67993.300369506,666,1,19,1351
77,67993.454916652,666,1,5,439
124,67993.458169323,666,0,0,0
124,67993.458214775,666,0,0,0
77,67993.465167306,666,1,19,1351
77,67993.674559473,666,1,5,439
124,67993.677087,666,0,0,0
77,67993.680107369,666,1,19,1351
77,67993.680187355,666,1,5,439
124,67993.68473817,666,0,0,0
124,67993.684764203,666,0,0,0
124,67993.68477849,666,0,0,0
77,67993.684791179,666,1,19,1351
77,67993.736114699,666,1,5,439
185,67993.744030579,666,1,5,439
108,67993.744072436,666,0,0,0
251,67993.744080885,666,0,0,0
77,67993.746316507,666,1,19,1351
77,67993.797620408,666,1,5,439
124,67993.800545566,666,0,0,0
124,67993.800572802,666,0,0,0
124,67993.800586567,666,0,0,0
124,67993.80060073,666,0,0,0
77,67993.807871737,666,1,19,1351
77,67993.954946309,666,1,5,439
124,67993.958381475,666,0,0,0
124,67993.958408495,666,0,0,0
77,67993.961619942,666,1,19,1351
77,67994.174232574,666,1,5,439
124,67994.183320715,666,0,0,0
77,67994.18334366,666,1,19,1351
77,67994.184329906,666,1,5,439
124,67994.184904007,666,0,0,0
124,67994.184926462,666,0,0,0
124,67994.18493998,666,0,0,0
77,67994.194562985,666,1,19,1351
77,67994.283646044,666,1,5,439
40,67994.284752429,666,1,5,439
77,67994.28689399,666,1,19,1351
77,67994.297157166,666,1,5,439
124,67994.300788404,666,0,0,0
124,67994.300816651,666,0,0,0
124,67994.300832009,666,0,0,0
124,67994.300846362,666,0,0,0
77,67994.3073779,666,1,19,1351
77,67994.456316909,666,1,5,439
124,67994.458594856,666,0,0,0
124,67994.458621137,666,0,0,0
77,67994.461284554,666,1,19,1351
77,67994.674322774,666,1,5,439
124,67994.683491181,666,0,0,0
77,67994.684553206,666,1,19,1351
77,67994.68472496,666,1,5,439
124,67994.685035886,666,0,0,0
124,67994.685055947,666,0,0,0
124,67994.685068066,666,0,0,0
77,67994.694859162,666,1,19,1351
77,67994.735869209,666,1,5,439
185,67994.744342652,666,1,5,439
108,67994.744386446,666,0,0,0
251,67994.744395615,666,0,0,0
77,67994.746081368,666,1,19,1351
77,67994.79725377,666,1,5,439
124,67994.801029895,666,0,0,0
124,67994.801057375,666,0,0,0
124,67994.80107245,666,0,0,0
124,67994.801086937,666,0,0,0
77,67994.807501849,666,1,19,1351
77,67994.950794189,666,1,5,439
124,67994.958875946,666,0,0,0
124,67994.958903076,666,0,0,0
77,67994.961009641,666,1,19,1351
77,67995.178509993,666,1,5,439
124,67995.184203238,666,0,0,0
124,67995.191997719,666,0,0,0
124,67995.192026302,666,0,0,0
124,67995.192041481,666,0,0,0
77,67995.192055543,666,1,19,1351
77,67995.2844405,666,1,5,439
40,67995.285938565,666,1,5,439
77,67995.292281811,666,1,19,1351
77,67995.294647494,666,1,5,439
124,67995.301290154,666,0,0,0
124,67995.301319114,666,0,0,0
124,67995.301333728,666,0,0,0
124,67995.301347947,666,0,0,0
77,67995.304876485,666,1,19,1351
77,67995.458576924,666,1,5,439
124,67995.45906117,666,0,0,0
124,67995.459087263,666,0,0,0
77,67995.46657745,666,1,19,1351
77,67995.674276558,666,1,5,439
124,67995.684253777,666,0,0,0
77,67995.684334011,666,1,19,1351
77,67995.684338791,666,1,5,439
124,67995.692265082,666,0,0,0
124,67995.692290818,666,0,0,0
124,67995.692304299,666,0,0,0
77,67995.693244327,666,1,19,1351
77,67995.736004801,666,1,5,439
185,67995.744661183,666,1,5,439
108,67995.744702499,666,0,0,0
251,67995.744711643,666,0,0,0
77,67995.746240857,666,1,19,1351
77,67995.797707913,666,1,5,439
124,67995.801539082,666,0,0,0
124,67995.801566295,666,0,0,0
124,67995.801580758,666,0,0,0
124,67995.801594733,666,0,0,0
77,67995.807960411,666,1,19,1351
77,67995.953432861,666,1,5,439
124,67995.959322614,666,0,0,0
124,67995.959350349,666,0,0,0
77,67995.963664845,666,1,19,1351
77,67996.181121727,666,1,5,439
124,67996.184482858,666,0,0,0
124,67996.194223021,666,0,0,0
124,67996.194246847,666,0,0,0
124,67996.194258885,666,0,0,0
77,67996.194269861,666,1,19,1351
77,67996.276089104,666,1,5,439
40,67996.286357197,666,1,5,439
77,67996.286400463,666,1,19,1351
77,67996.296576317,666,1,5,439
124,67996.301801014,666,0,0,0
124,67996.301829771,666,0,0,0
124,67996.301843676,666,0,0,0
124,67996.301857755,666,0,0,0
77,67996.302353919,666,1,19,1351
77,67996.450485393,666,1,5,439
124,67996.459568833,666,0,0,0
124,67996.459596501,666,0,0,0
77,67996.460691276,666,1,19,1351
77,67996.676651457,666,1,5,439
124,67996.691406182,666,0,0,0
77,67996.691432395,666,1,19,1351
77,67996.691436924,666,1,5,439
124,67996.694335294,666,0,0,0
124,67996.694355492,666,0,0,0
124,67996.694367957,666,0,0,0
77,67996.701689088,666,1,19,1351
77,67996.742760596,666,1,5,439
185,67996.744936338,666,1,5,439
108,67996.74498034,666,0,0,0
251,67996.744989851,666,0,0,0
77,67996.753037216,666,1,19,1351
77,67996.794146689,666,1,5,439
124,67996.802078118,666,0,0,0
124,67996.80210436,666,0,0,0
124,67996.802118837,666,0,0,0
124,67996.802133561,666,0,0,0
77,67996.803440044,666,1,19,1351
77,67996.958393072,666,1,5,439
124,67996.959795044,666,0,0,0
124,67996.959822745,666,0,0,0
77,67996.968662399,666,1,19,1351
77,67997.184322262,666,1,5,439
124,67997.191627175,666,0,0,0
124,67997.19454256,666,0,0,0
124,67997.194565427,666,0,0,0
124,67997.194577658,666,0,0,0
77,67997.194587454,666,1,19,1351
77,67997.285581213,666,1,5,439
40,67997.287548921,666,1,5,439
77,67997.295810946,666,1,19,1351
77,67997.295820669,666,1,5,439
124,67997.302347854,666,0,0,0
124,67997.302378776,666,0,0,0
124,67997.302392805,666,0,0,0
124,67997.302406623,666,0,0,0
77,67997.304432726,666,1,19,1351
77,67997.459846717,666,1,5,439
124,67997.459972896,666,0,0,0
124,67997.459995832,666,0,0,0
77,67997.470077204,666,1,19,1351
77,67997.685512762,666,1,5,439
124,67997.694214999,666,0,0,0
124,67997.70127904,666,0,0,0
124,67997.701298821,666,0,0,0
124,67997.70131027,666,0,0,0
77,67997.70131979,666,1,19,1351
77,67997.742374554,666,1,5,439
185,67997.745511983,666,1,5,439
108,67997.745554622,666,0,0,0
251,67997.745563075,666,0,0,0
77,67997.752631208,666,1,19,1351
77,67997.793539832,666,1,5,439
124,67997.802634035,666,0,0,0
124,67997.802661215,666,0,0,0
124,67997.80267641,666,0,0,0
124,67997.802691465,666,0,0,0
77,67997.803710148,666,1,19,1351
77,67997.958070246,666,1,5,439
124,67997.960706481,666,0,0,0
124,67997.960734476,666,0,0,0
77,67997.968281173,666,1,19,1351
77,67998.193900554,666,1,5,439
124,67998.194363959,666,0,0,0
124,67998.201546213,666,0,0,0
124,67998.201569591,666,0,0,0
124,67998.201579978,666,0,0,0
77,67998.204119856,666,1,19,1351
77,67998.285931301,666,1,5,439
40,67998.288745104,666,1,5,439
77,67998.296203725,666,1,19,1351
77,67998.29621301,666,1,5,439
124,67998.302909277,666,0,0,0
124,67998.302940053,666,0,0,0
124,67998.302954219,666,0,0,0
124,67998.302968946,666,0,0,0
77,67998.306396626,666,1,19,1351
77,67998.460449884,666,1,5,439
124,67998.46084913,666,0,0,0
124,67998.460873877,666,0,0,0
77,67998.470711904,666,1,19,1351
77,67998.685968475,666,1,5,439
124,67998.694636833,666,0,0,0
77,67998.696177663,666,1,19,1351
77,67998.696187406,666,1,5,439
124,67998.704210152,666,0,0,0
124,67998.704239661,666,0,0,0
124,67998.704255541,666,0,0,0
77,67998.712808621,666,1,19,1351
77,67998.74360498,666,1,5,439
185,67998.745788574,666,1,5,439
108,67998.745832754,666,0,0,0
251,67998.745841832,666,0,0,0
77,67998.753872964,666,1,19,1351
77,67998.794742218,666,1,5,439
124,67998.803182242,666,0,0,0
124,67998.803213084,666,0,0,0
124,67998.803228476,666,0,0,0
124,67998.803244095,666,0,0,0
77,67998.804947938,666,1,19,1351
77,67998.958824128,666,1,5,439
124,67998.961360644,666,0,0,0
124,67998.961391298,666,0,0,0
77,67998.96904076,666,1,19,1351
77,67999.18453296,666,1,5,439
124,67999.194768393,666,0,0,0
77,67999.194795295,666,1,19,1351
77,67999.194801556,666,1,5,439
124,67999.204486482,666,0,0,0
124,67999.204512783,666,0,0,0
124,67999.204527677,666,0,0,0
77,67999.20495975,666,1,19,1351
77,67999.285528754,666,1,5,439
40,67999.289954043,666,1,5,439
77,67999.295787599,666,1,19,1351
77,67999.295797289,666,1,5,439
124,67999.303422086,666,0,0,0
124,67999.303453435,666,0,0,0
124,67999.303469188,666,0,0,0
124,67999.303485439,666,0,0,0
77,67999.306017048,666,1,19,1351
77,67999.459858471,666,1,5,439
124,67999.461591477,666,0,0,0
124,67999.461619729,666,0,0,0
77,67999.470119445,666,1,19,1351
77,67999.68560143,666,1,5,439
124,67999.695020973,666,0,0,0
77,67999.69581017,666,1,19,1351
77,67999.695819803,666,1,5,439
124,67999.705135342,666,0,0,0
124,67999.705165258,666,0,0,0
124,67999.705180784,666,0,0,0
77,67999.706030735,666,1,19,1351
77,67999.744044745,666,1,5,439
185,67999.746076483,666,1,5,439
108,67999.746118589,666,0,0,0
251,67999.746127014,666,0,0,0
77,67999.754270706,666,1,19,1351
77,67999.795321794,666,1,5,439
124,67999.80369755,666,0,0,0
124,67999.803728632,666,0,0,0
124,67999.803744088,666,0,0,0
124,67999.803761131,666,0,0,0
77,67999.805557353,666,1,19,1351
77,67999.959436554,666,1,5,439
124,67999.961830238,666,0,0,0
124,67999.961859089,666,0,0,0
77,67999.969698927,666,1,19,1351
77,68000.184887993,666,1,5,439
124,68000.195149406,666,0,0,0
77,68000.19517603,666,1,19,1351
77,68000.195181978,666,1,5,439
124,68000.20538458,666,0,0,0
124,68000.205410513,666,0,0,0
124,68000.205425338,666,0,0,0
77,68000.205437542,666,1,19,1351
77,68000.289472721,666,1,5,439
40,68000.2911451,666,1,5,439
77,68000.299698986,666,1,19,1351
77,68000.299708631,666,1,5,439
124,68000.303954563,666,0,0,0
124,68000.303984823,666,0,0,0
124,68000.303999894,666,0,0,0
124,68000.304015133,666,0,0,0
77,68000.309951291,666,1,19,1351
77,68000.453692935,666,1,5,439
124,68000.462084565,666,0,0,0
124,68000.462112714,666,0,0,0
77,68000.463908515,666,1,19,1351
77,68000.689613584,666,1,5,439
124,68000.695423241,666,0,0,0
77,68000.699845019,666,1,19,1351
77,68000.699854501,666,1,5,439
124,68000.705629813,666,0,0,0
124,68000.705659244,666,0,0,0
124,68000.705676294,666,0,0,0
77,68000.710087151,666,1,19,1351
77,68000.74446438,666,1,5,439
185,68000.746339752,666,1,5,439
108,68000.746378739,666,0,0,0
251,68000.746387256,666,0,0,0
77,68000.754653672,666,1,19,1351
77,68000.796094383,666,1,5,439
124,68000.804227878,666,0,0,0
124,68000.804257629,666,0,0,0
124,68000.804273376,666,0,0,0
124,68000.804289561,666,0,0,0
77,68000.806324146,666,1,19,1351
77,68000.961574101,666,1,5,439
124,68000.962271312,666,0,0,0
124,68000.962298224,666,0,0,0
77,68000.971845139,666,1,19,1351
77,68001.188730673,666,1,5,439
124,68001.19565724,666,0,0,0
77,68001.198949298,666,1,19,1351
77,68001.198959072,666,1,5,439
124,68001.205857143,666,0,0,0
124,68001.205882883,666,0,0,0
124,68001.205896445,666,0,0,0
77,68001.209181195,666,1,19,1351
77,68001.287509637,666,1,5,439
40,68001.292330474,666,1,5,439
77,68001.295156181,666,1,19,1351
77,68001.295166405,666,1,5,439
124,68001.304508087,666,0,0,0
124,68001.304537118,666,0,0,0
124,68001.304551888,666,0,0,0
124,68001.304566186,666,0,0,0
77,68001.305381436,666,1,19,1351
77,68001.459000964,666,1,5,439
124,68001.462468293,666,0,0,0
124,68001.462495462,666,0,0,0
77,68001.469252998,666,1,19,1351
77,68001.688476036,666,1,5,439
124,68001.695866612,666,0,0,0
77,68001.696734571,666,1,19,1351
77,68001.696746028,666,1,5,439
124,68001.706136436,666,0,0,0
124,68001.706162797,666,0,0,0
124,68001.706196826,666,0,0,0
77,68001.706904631,666,1,19,1351
77,68001.742138608,666,1,5,439
185,68001.746520184,666,1,5,439
108,68001.746565619,666,0,0,0
251,68001.746575041,666,0,0,0
77,68001.752366489,666,1,19,1351
77,68001.80365329,666,1,5,439
124,68001.804746704,666,0,0,0
124,68001.804776041,666,0,0,0
124,68001.804789817,666,0,0,0
124,68001.804804611,666,0,0,0
77,68001.813920168,666,1,19,1351
77,68001.957329388,666,1,5,439
124,68001.962719511,666,0,0,0
124,68001.962747299,666,0,0,0
77,68001.967561709,666,1,19,1351
77,68002.193339101,666,1,5,439
124,68002.196103646,666,0,0,0
77,68002.203593935,666,1,19,1351
77,68002.203603627,666,1,5,439
124,68002.206344881,666,0,0,0
124,68002.206373014,666,0,0,0
124,68002.206387129,666,0,0,0
77,68002.213860873,666,1,19,1351
77,68002.289925945,666,1,5,439
40,68002.293522714,666,1,5,439
77,68002.298204325,666,1,19,1351
77,68002.298213543,666,1,5,439
124,68002.305016266,666,0,0,0
124,68002.305046185,666,0,0,0
124,68002.305060699,666,0,0,0
124,68002.30507497,666,0,0,0
77,68002.308443255,666,1,19,1351
77,68002.462147154,666,1,5,439
124,68002.462911323,666,0,0,0
124,68002.462937967,666,0,0,0
77,68002.472192887,666,1,19,1351
77,68002.690866331,666,1,5,439
124,68002.696361141,666,0,0,0
77,68002.700380918,666,1,19,1351
77,68002.700391378,666,1,5,439
124,68002.706487477,666,0,0,0
124,68002.706514459,666,0,0,0
124,68002.706531051,666,0,0,0
77,68002.710579283,666,1,19,1351
77,68002.753350756,666,1,5,439
185,68002.753357945,666,1,5,439
108,68002.753389628,666,0,0,0
251,68002.753396223,666,0,0,0
77,68002.754331212,666,1,19,1351
77,68002.795331944,666,1,5,439
124,68002.805308432,666,0,0,0
124,68002.805336959,666,0,0,0
124,68002.805350887,666,0,0,0
124,68002.805366113,666,0,0,0
77,68002.805480762,666,1,19,1351
77,68002.95905755,666,1,5,439
124,68002.963302184,666,0,0,0
124,68002.963328178,666,0,0,0
77,68002.969302812,666,1,19,1351
77,68003.192144173,666,1,5,439
124,68003.196802431,666,0,0,0
77,68003.196829393,666,1,19,1351
77,68003.196835453,666,1,5,439
124,68003.206767875,666,0,0,0
124,68003.206794604,666,0,0,0
124,68003.206807909,666,0,0,0
77,68003.206921175,666,1,19,1351
77,68003.292385294,666,1,5,439
40,68003.294428818,666,1,5,439
77,68003.2944715,666,1,19,1351
77,68003.304755548,666,1,5,439
124,68003.305538818,666,0,0,0
124,68003.305568166,666,0,0,0
124,68003.305582582,666,0,0,0
124,68003.305596759,666,0,0,0
77,68003.315005401,666,1,19,1351
77,68003.458580108,666,1,5,439
124,68003.463550395,666,0,0,0
124,68003.463578441,666,0,0,0
77,68003.468819876,666,1,19,1351
77,68003.694471378,666,1,5,439
124,68003.697035832,666,0,0,0
77,68003.704723806,666,1,19,1351
77,68003.704733265,666,1,5,439
124,68003.707022835,666,0,0,0
124,68003.707048972,666,0,0,0
124,68003.70706383,666,0,0,0
77,68003.714965256,666,1,19,1351
77,68003.745792867,666,1,5,439
185,68003.754221534,666,1,5,439
108,68003.754257752,666,0,0,0
251,68003.754266512,666,0,0,0
77,68003.763170779,666,1,19,1351
77,68003.803910686,666,1,5,439
124,68003.805778432,666,0,0,0
124,68003.805805942,666,0,0,0
124,68003.805820325,666,0,0,0
124,68003.805834986,666,0,0,0
77,68003.814173823,666,1,19,1351
77,68003.963771806,666,1,5,439
124,68003.963783701,666,0,0,0
124,68003.963803106,666,0,0,0
77,68003.968006728,666,1,19,1351
77,68004.194482378,666,1,5,439
124,68004.197274899,666,0,0,0
77,68004.204006331,666,1,19,1351
77,68004.20401614,666,1,5,439
124,68004.207262799,666,0,0,0
124,68004.207289248,666,0,0,0
124,68004.207304106,666,0,0,0
77,68004.214285998,666,1,19,1351
77,68004.29472148,666,1,5,439
40,68004.294754326,666,1,5,439
77,68004.296066563,666,1,19,1351
77,68004.296076298,666,1,5,439
124,68004.30606778,666,0,0,0
124,68004.306098025,666,0,0,0
124,68004.306111817,666,0,0,0
124,68004.306126504,666,0,0,0
77,68004.306258984,666,1,19,1351
77,68004.460389397,666,1,5,439
124,68004.464013863,666,0,0,0
124,68004.464041417,666,0,0,0
77,68004.464934769,666,1,19,1351
77,68004.695584987,666,1,5,439
124,68004.697508214,666,0,0,0
77,68004.698331724,666,1,19,1351
77,68004.698343148,666,1,5,439
124,68004.707547174,666,0,0,0
124,68004.707575342,666,0,0,0
124,68004.707589522,666,0,0,0
77,68004.708552632,666,1,19,1351
77,68004.749993284,666,1,5,439
185,68004.754415003,666,1,5,439
108,68004.754453395,666,0,0,0
251,68004.754462449,666,0,0,0
77,68004.760243524,666,1,19,1351
77,68004.80374795,666,1,5,439
124,68004.806332481,666,0,0,0
124,68004.806360175,666,0,0,0
124,68004.806373509,666,0,0,0
124,68004.806387508,666,0,0,0
77,68004.813961157,666,1,19,1351
77,68004.957653748,666,1,5,439
124,68004.964272083,666,0,0,0
124,68004.964299511,666,0,0,0
77,68004.967882521,666,1,19,1351
77,68005.196746118,666,1,5,439
124,68005.197733846,666,0,0,0
77,68005.204678283,666,1,19,1351
77,68005.204688126,666,1,5,439
124,68005.207785045,666,0,0,0
124,68005.207811927,666,0,0,0
124,68005.207825725,666,0,0,0
77,68005.214797976,666,1,19,1351
77,68005.294007446,666,1,5,439
40,68005.295618814,666,1,5,439
77,68005.296961197,666,1,19,1351
77,68005.304256657,666,1,5,439
124,68005.306576273,666,0,0,0
124,68005.306603684,666,0,0,0
124,68005.306616657,666,0,0,0
124,68005.306629841,666,0,0,0
77,68005.314405689,666,1,19,1351
77,68005.457999377,666,1,5,439
124,68005.464509241,666,0,0,0
124,68005.464536892,666,0,0,0
77,68005.468226209,666,1,19,1351
77,68005.697880269,666,1,5,439
124,68005.697911495,666,0,0,0
77,68005.703869243,666,1,19,1351
77,68005.703878769,666,1,5,439
124,68005.708027531,666,0,0,0
124,68005.708054536,666,0,0,0
124,68005.708068436,666,0,0,0
77,68005.714110231,666,1,19,1351
77,68005.744861662,666,1,5,439
185,68005.754692612,666,1,5,439
108,68005.754731055,666,0,0,0
251,68005.75474005,666,0,0,0
77,68005.754907678,666,1,19,1351
77,68005.804054656,666,1,5,439
124,68005.806772309,666,0,0,0
124,68005.806799401,666,0,0,0
124,68005.806812179,666,0,0,0
124,68005.806825498,666,0,0,0
77,68005.81428808,666,1,19,1351
77,68005.957973401,666,1,5,439
124,68005.96474977,666,0,0,0
124,68005.964778751,666,0,0,0
77,68005.968195726,666,1,19,1351
77,68006.193859452,666,1,5,439
124,68006.198155728,666,0,0,0
77,68006.200026856,666,1,19,1351
77,68006.20410082,666,1,5,439
124,68006.20826995,666,0,0,0
124,68006.208296795,666,0,0,0
124,68006.208312121,666,0,0,0
77,68006.214289323,666,1,19,1351
77,68006.286102443,666,1,5,439
40,68006.30418873,666,1,5,439
77,68006.304227674,666,1,19,1351
77,68006.304253559,666,1,5,439
124,68006.306919654,666,0,0,0
124,68006.306950171,666,0,0,0
124,68006.306966513,666,0,0,0
124,68006.306981391,666,0,0,0
77,68006.314368834,666,1,19,1351
77,68006.458028812,666,1,5,439
124,68006.465006954,666,0,0,0
124,68006.465036298,666,0,0,0
77,68006.468256667,666,1,19,1351
77,68006.693981967,666,1,5,439
124,68006.698355894,666,0,0,0
77,68006.704219527,666,1,19,1351
77,68006.705144706,666,1,5,439
124,68006.708507485,666,0,0,0
124,68006.708535757,666,0,0,0
124,68006.708552643,666,0,0,0
77,68006.714285201,666,1,19,1351
77,68006.745071599,666,1,5,439
185,68006.754999412,666,1,5,439
108,68006.755041069,666,0,0,0
251,68006.755050233,666,0,0,0
77,68006.755186198,666,1,19,1351
77,68006.805382359,666,1,5,439
124,68006.807154219,666,0,0,0
124,68006.80719236,666,0,0,0
124,68006.807202194,666,0,0,0
124,68006.807213456,666,0,0,0
77,68006.8131527,666,1,19,1351
77,68006.956822261,666,1,5,439
124,68006.965274855,666,0,0,0
124,68006.965303394,666,0,0,0
77,68006.967176899,666,1,19,1351
77,68007.19472823,666,1,5,439
124,68007.198551558,666,0,0,0
77,68007.204938671,666,1,19,1351
77,68007.206226481,666,1,5,439
124,68007.208743893,666,0,0,0
124,68007.208770121,666,0,0,0
124,68007.2087842,666,0,0,0
77,68007.215177275,666,1,19,1351
77,68007.297178592,666,1,5,439
40,68007.313905352,666,1,5,439
77,68007.313941381,666,1,19,1351
77,68007.313946631,666,1,5,439
124,68007.313965845,666,0,0,0
124,68007.313981097,666,0,0,0
124,68007.31399078,666,0,0,0
124,68007.314000974,666,0,0,0
77,68007.314010292,666,1,19,1351
77,68007.457574723,666,1,5,439
124,68007.465535472,666,0,0,0
124,68007.465562555,666,0,0,0
77,68007.4677907,666,1,19,1351
77,68007.695079895,666,1,5,439
124,68007.698751033,666,0,0,0
77,68007.704241207,666,1,19,1351
77,68007.704250989,666,1,5,439
124,68007.708994357,666,0,0,0
124,68007.709020812,666,0,0,0
124,68007.709035883,666,0,0,0
77,68007.714446218,666,1,19,1351
77,68007.745210635,666,1,5,439
185,68007.755319908,666,1,5,439
108,68007.75536118,666,0,0,0
251,68007.755369887,666,0,0,0
77,68007.755396929,666,1,19,1351
77,68007.811830374,666,1,5,439
124,68007.814082634,666,0,0,0
124,68007.814104904,666,0,0,0
124,68007.814116641,666,0,0,0
124,68007.814129478,666,0,0,0
77,68007.814702502,666,1,19,1351
77,68007.965568172,666,1,5,439
124,68007.965760047,666,0,0,0
124,68007.965785152,666,0,0,0
77,68007.975837968,666,1,19,1351
77,68008.19108285,666,1,5,439
124,68008.198827446,666,0,0,0
77,68008.201302772,666,1,19,1351
77,68008.202719495,666,1,5,439
124,68008.209257846,666,0,0,0
124,68008.209286172,666,0,0,0
124,68008.209300204,666,0,0,0
77,68008.211532171,666,1,19,1351
77,68008.30373644,666,1,5,439
124,68008.314240108,666,0,0,0
124,68008.314265927,666,0,0,0
124,68008.314278286,666,0,0,0
124,68008.314290474,666,0,0,0
40,68008.314302565,666,1,5,439
77,68008.31433772,666,1,19,1351
77,68008.459702068,666,1,5,439
124,68008.466021363,666,0,0,0
124,68008.466049633,666,0,0,0
77,68008.469927313,666,1,19,1351
77,68008.696531611,666,1,5,439
124,68008.699062435,666,0,0,0
77,68008.703769188,666,1,19,1351
77,68008.706740058,666,1,5,439
124,68008.709501817,666,0,0,0
124,68008.70952862,666,0,0,0
124,68008.709542696,666,0,0,0
77,68008.716960055,666,1,19,1351
77,68008.747680827,666,1,5,439
185,68008.755613191,666,1,5,439
108,68008.75565563,666,0,0,0
251,68008.755664466,666,0,0,0
77,68008.757899861,666,1,19,1351
77,68008.811952162,666,1,5,439
124,68008.814353165,666,0,0,0
124,68008.814378395,666,0,0,0
124,68008.814390299,666,0,0,0
124,68008.814402929,666,0,0,0
77,68008.822207965,666,1,19,1351
77,68008.960459127,666,1,5,439
124,68008.966079999,666,0,0,0
124,68008.966226703,666,0,0,0
77,68008.970514915,666,1,19,1351
77,68009.195728004,666,1,5,439
124,68009.199305504,666,0,0,0
77,68009.20511282,666,1,19,1351
77,68009.205949543,666,1,5,439
124,68009.209749186,666,0,0,0
124,68009.209775767,666,0,0,0
124,68009.2097909,666,0,0,0
77,68009.213198981,666,1,19,1351
77,68009.31347919,666,1,5,439
124,68009.314478998,666,0,0,0
124,68009.3145015,666,0,0,0
124,68009.314513245,666,0,0,0
124,68009.314523545,666,0,0,0
40,68009.314534875,666,1,5,439
77,68009.319143239,666,1,19,1351
77,68009.45714329,666,1,5,439
124,68009.46631164,666,0,0,0
124,68009.466342064,666,0,0,0
77,68009.467346681,666,1,19,1351
77,68009.692541554,666,1,5,439
124,68009.69957584,666,0,0,0
77,68009.702747674,666,1,19,1351
77,68009.706443485,666,1,5,439
124,68009.70999264,666,0,0,0
124,68009.710019178,666,0,0,0
124,68009.710033879,666,0,0,0
77,68009.712976558,666,1,19,1351
77,68009.753998939,666,1,5,439
185,68009.75589518,666,1,5,439
108,68009.755936008,666,0,0,0
251,68009.755944772,666,0,0,0
77,68009.764264279,666,1,19,1351
77,68009.823024472,666,1,5,439
124,68009.823034364,666,0,0,0
124,68009.823051799,666,0,0,0
124,68009.823062918,666,0,0,0
124,68009.823075587,666,0,0,0
77,68009.823086361,666,1,19,1351
77,68009.956344665,666,1,5,439
124,68009.966576754,666,0,0,0
124,68009.966604518,666,0,0,0
77,68009.966617168,666,1,19,1351
77,68010.191813422,666,1,5,439
124,68010.199867899,666,0,0,0
77,68010.202035516,666,1,19,1351
77,68010.207616583,666,1,5,439
124,68010.210244624,666,0,0,0
124,68010.210270153,666,0,0,0
124,68010.210284688,666,0,0,0
77,68010.212264556,666,1,19,1351
77,68010.307858921,666,1,5,439
40,68010.314784006,666,1,5,439
77,68010.31481762,666,1,19,1351
77,68010.31482357,666,1,5,439
40,68010.319026545,666,1,5,439
124,68010.323276782,666,0,0,0
124,68010.323301055,666,0,0,0
124,68010.32331184,666,0,0,0
124,68010.323321894,666,0,0,0
77,68010.324200448,666,1,19,1351
77,68010.466508587,666,1,5,439
124,68010.466628021,666,0,0,0
124,68010.466711047,666,0,0,0
77,68010.476803781,666,1,19,1351
77,68010.692044173,666,1,5,439
124,68010.700096898,666,0,0,0
77,68010.702273947,666,1,19,1351
77,68010.708820434,666,1,5,439
124,68010.710431069,666,0,0,0
124,68010.710457768,666,0,0,0
124,68010.71047159,666,0,0,0
77,68010.712503412,666,1,19,1351
77,68010.753584519,666,1,5,439
185,68010.756175949,666,1,5,439
108,68010.756215946,666,0,0,0
251,68010.756224412,666,0,0,0
77,68010.763842859,666,1,19,1351
77,68010.815081854,666,1,5,439
124,68010.824240596,666,0,0,0
124,68010.82426773,666,0,0,0
124,68010.824282971,666,0,0,0
124,68010.824298968,666,0,0,0
77,68010.831979763,666,1,19,1351
77,68010.96511395,666,1,5,439
124,68010.966848807,666,0,0,0
124,68010.9668773,666,0,0,0
77,68010.975354648,666,1,19,1351
77,68011.190669143,666,1,5,439
124,68011.20038905,666,0,0,0
77,68011.200802529,666,1,19,1351
77,68011.209916327,666,1,5,439
124,68011.211392257,666,0,0,0
124,68011.211416994,666,0,0,0
124,68011.211430211,666,0,0,0
77,68011.211441928,666,1,19,1351
77,68011.314514781,666,1,5,439
40,68011.320235336,666,1,5,439
124,68011.324490611,666,0,0,0
124,68011.324515693,666,0,0,0
124,68011.324528452,666,0,0,0
124,68011.324540918,666,0,0,0
77,68011.324655143,666,1,19,1351
77,68011.464546373,666,1,5,439
124,68011.467083891,666,0,0,0
124,68011.467114258,666,0,0,0
77,68011.474755273,666,1,19,1351
77,68011.700425588,666,1,5,439
124,68011.700552199,666,0,0,0
77,68011.710630937,666,1,19,1351
77,68011.711008486,666,1,5,439
124,68011.711564428,666,0,0,0
124,68011.711587679,666,0,0,0
124,68011.711601889,666,0,0,0
77,68011.720868173,666,1,19,1351
77,68011.753472573,666,1,5,439
185,68011.756467205,666,1,5,439
108,68011.75650796,666,0,0,0
251,68011.75651677,666,0,0,0
77,68011.761857817,666,1,19,1351
77,68011.823361676,666,1,5,439
124,68011.824727845,666,0,0,0
124,68011.824755463,666,0,0,0
124,68011.824770694,666,0,0,0
124,68011.824785446,666,0,0,0
77,68011.834243909,666,1,19,1351
77,68011.957095003,666,1,5,439
124,68011.967363531,666,0,0,0
124,68011.967394075,666,0,0,0
77,68011.96740758,666,1,19,1351
77,68012.193052067,666,1,5,439
124,68012.200772978,666,0,0,0
77,68012.203273751,666,1,19,1351
77,68012.203283583,666,1,5,439
124,68012.211812504,666,0,0,0
124,68012.211841127,666,0,0,0
124,68012.211856704,666,0,0,0
77,68012.212005836,666,1,19,1351
77,68012.316042206,666,1,5,439
40,68012.321441318,666,1,5,439
124,68012.324968344,666,0,0,0
124,68012.324997211,666,0,0,0
124,68012.325012661,666,0,0,0
124,68012.325028708,666,0,0,0
77,68012.326265472,666,1,19,1351
77,68012.463923817,666,1,5,439
124,68012.467599626,666,0,0,0
124,68012.467632552,666,0,0,0
77,68012.474177669,666,1,19,1351
77,68012.699729853,666,1,5,439
124,68012.701000519,666,0,0,0
77,68012.709989848,666,1,19,1351
77,68012.709999377,666,1,5,439
124,68012.712042395,666,0,0,0
124,68012.712070517,666,0,0,0
124,68012.712086216,666,0,0,0
77,68012.714248541,666,1,19,1351
77,68012.750992394,666,1,5,439
185,68012.756785834,666,1,5,439
108,68012.756827577,666,0,0,0
251,68012.756836724,666,0,0,0
77,68012.761221271,666,1,19,1351
77,68012.82288067,666,1,5,439
124,68012.825219855,666,0,0,0
124,68012.825247954,666,0,0,0
124,68012.825262569,666,0,0,0
124,68012.825277466,666,0,0,0
77,68012.833132527,666,1,19,1351
77,68012.966963105,666,1,5,439
124,68012.967819752,666,0,0,0
124,68012.967849651,666,0,0,0
77,68012.977198807,666,1,19,1351
77,68013.192526514,666,1,5,439
124,68013.2012343,666,0,0,0
77,68013.202725926,666,1,19,1351
77,68013.202735759,666,1,5,439
124,68013.212323263,666,0,0,0
124,68013.21235193,666,0,0,0
124,68013.212365882,666,0,0,0
77,68013.212894103,666,1,19,1351
77,68013.315508447,666,1,5,439
40,68013.322515526,666,1,5,439
124,68013.325469778,666,0,0,0
124,68013.325496089,666,0,0,0
124,68013.325510819,666,0,0,0
124,68013.3255256,666,0,0,0
77,68013.325538837,666,1,19,1351
77,68013.464409134,666,1,5,439
124,68013.468062835,666,0,0,0
124,68013.46809284,666,0,0,0
77,68013.474117049,666,1,19,1351
77,68013.699800504,666,1,5,439
124,68013.701486811,666,0,0,0
77,68013.710049774,666,1,19,1351
77,68013.71005943,666,1,5,439
124,68013.712567326,666,0,0,0
124,68013.712594677,666,0,0,0
124,68013.712611024,666,0,0,0
77,68013.716418962,666,1,19,1351
77,68013.751038417,666,1,5,439
185,68013.757057326,666,1,5,439
108,68013.757098752,666,0,0,0
251,68013.757107499,666,0,0,0
77,68013.761275393,666,1,19,1351
77,68013.822886557,666,1,5,439
124,68013.825725161,666,0,0,0
124,68013.82575327,666,0,0,0
124,68013.825767987,666,0,0,0
124,68013.825783389,666,0,0,0
77,68013.833145317,666,1,19,1351
77,68013.967113193,666,1,5,439
124,68013.968288541,666,0,0,0
124,68013.968319995,666,0,0,0
77,68013.977344458,666,1,19,1351
77,68014.192820697,666,1,5,439
124,68014.201757146,666,0,0,0
77,68014.203035551,666,1,19,1351
77,68014.203045213,666,1,5,439
124,68014.212848737,666,0,0,0
124,68014.212876829,666,0,0,0
124,68014.212891039,666,0,0,0
77,68014.213207286,666,1,19,1351
77,68014.317922086,666,1,5,439
40,68014.323744766,666,1,5,439
124,68014.325988687,666,0,0,0
124,68014.326016686,666,0,0,0
124,68014.326032472,666,0,0,0
124,68014.3260472,666,0,0,0
77,68014.326060684,666,1,19,1351
77,68014.466902919,666,1,5,439
124,68014.468517257,666,0,0,0
124,68014.468547099,666,0,0,0
77,68014.474276347,666,1,19,1351
77,68014.700125612,666,1,5,439
124,68014.701985195,666,0,0,0
77,68014.71039403,666,1,19,1351
77,68014.710404815,666,1,5,439
124,68014.713090531,666,0,0,0
124,68014.713117344,666,0,0,0
124,68014.713132689,666,0,0,0
77,68014.718696164,666,1,19,1351
77,68014.751203813,666,1,5,439
185,68014.757347936,666,1,5,439
108,68014.75738833,666,0,0,0
251,68014.757396916,666,0,0,0
77,68014.761438112,666,1,19,1351
77,68014.823031218,666,1,5,439
124,68014.826255963,666,0,0,0
124,68014.826284239,666,0,0,0
124,68014.826299893,666,0,0,0
124,68014.826314283,666,0,0,0
77,68014.833285751,666,1,19,1351
77,68014.9668323,666,1,5,439
124,68014.968758421,666,0,0,0
124,68014.968788029,666,0,0,0
77,68014.973710626,666,1,19,1351
77,68015.192548772,666,1,5,439
124,68015.202282988,666,0,0,0
77,68015.202706857,666,1,19,1351
77,68015.213001474,666,1,5,439
124,68015.213126895,666,0,0,0
124,68015.213229803,666,0,0,0
124,68015.213249122,666,0,0,0
77,68015.219883459,666,1,19,1351
77,68015.320186039,666,1,5,439
40,68015.324955717,666,1,5,439
77,68015.32570681,666,1,19,1351
77,68015.325716392,666,1,5,439
124,68015.326421454,666,0,0,0
124,68015.326447912,666,0,0,0
124,68015.326462606,666,0,0,0
124,68015.326476639,666,0,0,0
77,68015.336009811,666,1,19,1351
77,68015.461575894,666,1,5,439
124,68015.468987137,666,0,0,0
124,68015.469017959,666,0,0,0
77,68015.471794029,666,1,19,1351
77,68015.697998492,666,1,5,439
124,68015.702488028,666,0,0,0
77,68015.708244997,666,1,19,1351
77,68015.708255804,666,1,5,439
124,68015.713375428,666,0,0,0
124,68015.713401967,666,0,0,0
124,68015.713416998,666,0,0,0
77,68015.718444995,666,1,19,1351
77,68015.749235499,666,1,5,439
185,68015.75767984,666,1,5,439
108,68015.757719383,666,0,0,0
251,68015.757728387,666,0,0,0
77,68015.759453642,666,1,19,1351
77,68015.821383232,666,1,5,439
124,68015.826700416,666,0,0,0
124,68015.826729674,666,0,0,0
124,68015.82674494,666,0,0,0
124,68015.826760018,666,0,0,0
77,68015.831279647,666,1,19,1351
77,68015.967995119,666,1,5,439
124,68015.969222181,666,0,0,0
124,68015.969251927,666,0,0,0
77,68015.97824527,666,1,19,1351
77,68016.196143793,666,1,5,439
124,68016.202755216,666,0,0,0
77,68016.206341233,666,1,19,1351
77,68016.206351059,666,1,5,439
124,68016.213645017,666,0,0,0
124,68016.213671508,666,0,0,0
124,68016.213685176,666,0,0,0
77,68016.216809967,666,1,19,1351
77,68016.322609445,666,1,5,439
40,68016.326156088,666,1,5,439
124,68016.326881621,666,0,0,0
124,68016.326908346,666,0,0,0
124,68016.326922482,666,0,0,0
124,68016.326936237,666,0,0,0
77,68016.330014463,666,1,19,1351
77,68016.465761715,666,1,5,439
124,68016.469468535,666,0,0,0
124,68016.469497823,666,0,0,0
77,68016.476028981,666,1,19,1351
77,68016.702172213,666,1,5,439
124,68016.702976294,666,0,0,0
77,68016.71250865,666,1,19,1351
77,68016.712518175,666,1,5,439
124,68016.713878296,666,0,0,0
124,68016.713905506,666,0,0,0
124,68016.713920493,666,0,0,0
77,68016.722782777,666,1,19,1351
77,68016.754103282,666,1,5,439
185,68016.757974586,666,1,5,439
108,68016.758015114,666,0,0,0
251,68016.758024055,666,0,0,0
77,68016.764146598,666,1,19,1351
77,68016.826347714,666,1,5,439
124,68016.827114478,666,0,0,0
124,68016.827141826,666,0,0,0
124,68016.827156052,666,0,0,0
124,68016.827170368,666,0,0,0
77,68016.837184012,666,1,19,1351
77,68016.965966745,666,1,5,439
124,68016.969707678,666,0,0,0
124,68016.969736715,666,0,0,0
77,68016.976178783,666,1,19,1351
77,68017.201618333,666,1,5,439
124,68017.203208308,666,0,0,0
77,68017.211845489,666,1,19,1351
77,68017.211855125,666,1,5,439
124,68017.214118144,666,0,0,0
124,68017.214143921,666,0,0,0
124,68017.214157907,666,0,0,0
77,68017.222119735,666,1,19,1351
77,68017.32501863,666,1,5,439
124,68017.327357455,666,0,0,0
124,68017.327383555,666,0,0,0
40,68017.327397941,666,1,5,439
124,68017.327435496,666,0,0,0
124,68017.327449616,666,0,0,0
77,68017.33479618,666,1,19,1351
77,68017.462726175,666,1,5,439
124,68017.469972545,666,0,0,0
124,68017.470001559,666,0,0,0
77,68017.472946171,666,1,19,1351
77,68017.698282563,666,1,5,439
124,68017.703467888,666,0,0,0
77,68017.708522655,666,1,19,1351
77,68017.708532191,666,1,5,439
124,68017.714303572,666,0,0,0
124,68017.714329774,666,0,0,0
124,68017.714344471,666,0,0,0
77,68017.71874801,666,1,19,1351
77,68017.749405449,666,1,5,439
185,68017.758277529,666,1,5,439
108,68017.758319396,666,0,0,0
251,68017.758328457,666,0,0,0
77,68017.759617691,666,1,19,1351
77,68017.826307066,666,1,5,439
124,68017.827594712,666,0,0,0
124,68017.827623299,666,0,0,0
124,68017.827638103,666,0,0,0
124,68017.827653613,666,0,0,0
77,68017.831496552,666,1,19,1351
77,68017.969279634,666,1,5,439
124,68017.970224545,666,0,0,0
124,68017.970253863,666,0,0,0
77,68017.979560043,666,1,19,1351
77,68018.194906576,666,1,5,439
124,68018.203712979,666,0,0,0
77,68018.204920276,666,1,19,1351
77,68018.205063645,666,1,5,439
124,68018.214542827,666,0,0,0
124,68018.214568777,666,0,0,0
124,68018.214582238,666,0,0,0
77,68018.215226231,666,1,19,1351
77,68018.327492643,666,1,5,439
124,68018.32765108,666,0,0,0
124,68018.32774282,666,0,0,0
124,68018.327760992,666,0,0,0
124,68018.327775486,666,0,0,0
40,68018.328006488,666,1,5,439
77,68018.328045254,666,1,19,1351
77,68018.465374786,666,1,5,439
124,68018.470434137,666,0,0,0
124,68018.47046595,666,0,0,0
77,68018.475622666,666,1,19,1351
77,68018.700989813,666,1,5,439
124,68018.703945468,666,0,0,0
77,68018.706254717,666,1,19,1351
77,68018.711237532,666,1,5,439
124,68018.714769923,666,0,0,0
124,68018.714796284,666,0,0,0
124,68018.714809995,666,0,0,0
77,68018.721490987,666,1,19,1351
77,68018.752946293,666,1,5,439
185,68018.758570711,666,1,5,439
108,68018.75861221,666,0,0,0
251,68018.758621197,666,0,0,0
77,68018.763431764,666,1,19,1351
77,68018.825007678,666,1,5,439
124,68018.827896772,666,0,0,0
124,68018.827924908,666,0,0,0
124,68018.827939733,666,0,0,0
124,68018.827954587,666,0,0,0
77,68018.828598623,666,1,19,1351
77,68018.965706036,666,1,5,439
124,68018.970668161,666,0,0,0
124,68018.970696541,666,0,0,0
77,68018.975951709,666,1,19,1351
77,68019.201470625,666,1,5,439
124,68019.204182768,666,0,0,0
77,68019.211728518,666,1,19,1351
77,68019.214907899,666,1,5,439
124,68019.214936337,666,0,0,0
124,68019.214955165,666,0,0,0
124,68019.214968934,666,0,0,0
77,68019.221996542,666,1,19,1351
77,68019.324545847,666,1,5,439
124,68019.328143267,666,0,0,0
124,68019.32817031,666,0,0,0
124,68019.328184352,666,0,0,0
124,68019.328198639,666,0,0,0
40,68019.328215348,666,1,5,439
77,68019.329574572,666,1,19,1351
77,68019.462051594,666,1,5,439
124,68019.470931689,666,0,0,0
124,68019.470961918,666,0,0,0
77,68019.472253999,666,1,19,1351
77,68019.698097125,666,1,5,439
124,68019.704436678,666,0,0,0
77,68019.708328104,666,1,19,1351
77,68019.708337816,666,1,5,439
124,68019.715221307,666,0,0,0
124,68019.715249326,666,0,0,0
124,68019.715263933,666,0,0,0
77,68019.716063012,666,1,19,1351
77,68019.754036643,666,1,5,439
185,68019.75885048,666,1,5,439
108,68019.758890656,666,0,0,0
251,68019.75889952,666,0,0,0
77,68019.759487517,666,1,19,1351
77,68019.821167618,666,1,5,439
124,68019.828419198,666,0,0,0
124,68019.82844748,666,0,0,0
124,68019.828461596,666,0,0,0
124,68019.8284758,666,0,0,0
77,68019.831393035,666,1,19,1351
77,68019.96504306,666,1,5,439
124,68019.971185783,666,0,0,0
124,68019.971215876,666,0,0,0
77,68019.975100128,666,1,19,1351
77,68020.200528169,666,1,5,439
124,68020.204683573,666,0,0,0
77,68020.210772569,666,1,19,1351
77,68020.21078319,666,1,5,439
124,68020.215493651,666,0,0,0
124,68020.215520967,666,0,0,0
124,68020.215534974,666,0,0,0
77,68020.221157942,666,1,19,1351
77,68020.325065598,666,1,5,439
124,68020.328608612,666,0,0,0
124,68020.328635144,666,0,0,0
124,68020.328650457,666,0,0,0
124,68020.328664075,666,0,0,0
40,68020.328677973,666,1,5,439
77,68020.333408979,666,1,19,1351
77,68020.464904302,666,1,5,439
124,68020.471454488,666,0,0,0
124,68020.471484286,666,0,0,0
77,68020.474999987,666,1,19,1351
77,68020.70192339,666,1,5,439
124,68020.704920484,666,0,0,0
77,68020.712182536,666,1,19,1351
77,68020.712192132,666,1,5,439
124,68020.715699627,666,0,0,0
124,68020.715727859,666,0,0,0
124,68020.715743258,666,0,0,0
77,68020.722593255,666,1,19,1351
77,68020.756490602,666,1,5,439
185,68020.75912854,666,1,5,439
108,68020.759168729,666,0,0,0
251,68020.759177917,666,0,0,0
77,68020.764072281,666,1,19,1351
77,68020.826272593,666,1,5,439
124,68020.828856493,666,0,0,0
124,68020.828883656,666,0,0,0
124,68020.828898176,666,0,0,0
124,68020.828912446,666,0,0,0
77,68020.835136521,666,1,19,1351
77,68020.964674979,666,1,5,439
124,68020.971648803,666,0,0,0
124,68020.971677688,666,0,0,0
77,68020.974909734,666,1,19,1351
77,68021.200502643,666,1,5,439
124,68021.205179924,666,0,0,0
77,68021.210678282,666,1,19,1351
77,68021.210688289,666,1,5,439
124,68021.215961976,666,0,0,0
124,68021.2159895,666,0,0,0
124,68021.216003273,666,0,0,0
77,68021.220917514,666,1,19,1351
77,68021.323633234,666,1,5,439
124,68021.329130032,666,0,0,0
124,68021.329157323,666,0,0,0
124,68021.329171766,666,0,0,0
124,68021.32918653,666,0,0,0
40,68021.329201755,666,1,5,439
77,68021.333868739,666,1,19,1351
77,68021.471129959,666,1,5,439
124,68021.471778018,666,0,0,0
124,68021.471808867,666,0,0,0
77,68021.481341021,666,1,19,1351
77,68021.697313569,666,1,5,439
124,68021.705451717,666,0,0,0
77,68021.707533454,666,1,19,1351
77,68021.707543087,666,1,5,439
124,68021.716096654,666,0,0,0
124,68021.716124329,666,0,0,0
124,68021.716138612,666,0,0,0
77,68021.717762521,666,1,19,1351
77,68021.759200767,666,1,5,439
185,68021.759284665,666,1,5,439
108,68021.759321731,666,0,0,0
251,68021.759330562,666,0,0,0
77,68021.769025884,666,1,19,1351
77,68021.820330812,666,1,5,439
124,68021.82942066,666,0,0,0
124,68021.829447492,666,0,0,0
124,68021.829462484,666,0,0,0
124,68021.829476613,666,0,0,0
77,68021.830517006,666,1,19,1351
77,68021.964398286,666,1,5,439
124,68021.971950011,666,0,0,0
124,68021.971978795,666,0,0,0
77,68021.974600763,666,1,19,1351
77,68022.201442252,666,1,5,439
124,68022.205701718,666,0,0,0
77,68022.211699845,666,1,19,1351
77,68022.211709397,666,1,5,439
124,68022.216301407,666,0,0,0
124,68022.216330148,666,0,0,0
124,68022.216344291,666,0,0,0
77,68022.221954805,666,1,19,1351
77,68022.324593407,666,1,5,439
124,68022.329680468,666,0,0,0
124,68022.329707681,666,0,0,0
124,68022.329722232,666,0,0,0
124,68022.32973606,666,0,0,0
40,68022.329751876,666,1,5,439
77,68022.334851574,666,1,19,1351
77,68022.464460623,666,1,5,439
124,68022.472215881,666,0,0,0
124,68022.472244198,666,0,0,0
77,68022.474654094,666,1,19,1351
77,68022.700126844,666,1,5,439
124,68022.705955502,666,0,0,0
77,68022.710348544,666,1,19,1351
77,68022.710358227,666,1,5,439
124,68022.716574664,666,0,0,0
124,68022.71660119,666,0,0,0
124,68022.716616461,666,0,0,0
77,68022.720593549,666,1,19,1351
77,68022.754908245,666,1,5,439
185,68022.759576081,666,1,5,439
108,68022.759615968,666,0,0,0
251,68022.759625193,666,0,0,0
77,68022.761467799,666,1,19,1351
77,68022.823037895,666,1,5,439
124,68022.82995466,666,0,0,0
124,68022.829983294,666,0,0,0
124,68022.829998459,666,0,0,0
124,68022.830012214,666,0,0,0
77,68022.833246802,666,1,19,1351
77,68022.964627113,666,1,5,439
124,68022.972440154,666,0,0,0
124,68022.972461634,666,0,0,0
77,68022.974843159,666,1,19,1351
